-- Generated by Craft v2.6.2776 on Apr 19, 2016, 2:19:13 AM.

--
-- Disable foreign key checks and autocommit.
--

SET FOREIGN_KEY_CHECKS = 0;
SET SQL_MODE = "NO_AUTO_VALUE_ON_ZERO";
SET AUTOCOMMIT = 0;
SET NAMES utf8;


DROP TABLE IF EXISTS `craft_assetfiles`;


--
-- Schema for table `craft_assetfiles`
--
CREATE TABLE `craft_assetfiles` (
  `id` int(11) NOT NULL,
  `sourceId` int(11) DEFAULT NULL,
  `folderId` int(11) NOT NULL,
  `filename` varchar(255) COLLATE utf8_unicode_ci NOT NULL,
  `kind` varchar(50) COLLATE utf8_unicode_ci NOT NULL DEFAULT 'unknown',
  `width` int(11) unsigned DEFAULT NULL,
  `height` int(11) unsigned DEFAULT NULL,
  `size` int(11) unsigned DEFAULT NULL,
  `dateModified` datetime DEFAULT NULL,
  `dateCreated` datetime NOT NULL,
  `dateUpdated` datetime NOT NULL,
  `uid` char(36) COLLATE utf8_unicode_ci NOT NULL DEFAULT '0',
  PRIMARY KEY (`id`),
  UNIQUE KEY `craft_assetfiles_filename_folderId_unq_idx` (`filename`,`folderId`),
  KEY `craft_assetfiles_sourceId_fk` (`sourceId`),
  KEY `craft_assetfiles_folderId_fk` (`folderId`)
) ENGINE=InnoDB DEFAULT CHARSET=utf8 COLLATE=utf8_unicode_ci;

--
-- Data for table `craft_assetfiles`
--

INSERT INTO `craft_assetfiles` (`id`, `sourceId`, `folderId`, `filename`, `kind`, `width`, `height`, `size`, `dateModified`, `dateCreated`, `dateUpdated`, `uid`) VALUES
 ('13', '1', '1', '28HarvJLTech349.pdf', 'pdf', NULL, NULL, '682795', '2016-03-19 18:36:46', '2016-03-19 18:36:46', '2016-03-19 18:36:46', 'cd16edbb-98aa-4e26-8aa1-ee1c6d0c8eb7'),
 ('50', '2', '2', 'kitten.jpeg', 'image', '1200', '1200', '116539', '2016-03-23 20:50:58', '2016-03-23 20:50:58', '2016-03-23 20:50:58', '16f085ae-1034-4404-b12e-bf4d400577e5'),
 ('51', '2', '3', 'kitten.jpeg', 'image', '1200', '1200', '116539', '2016-03-23 20:51:56', '2016-03-23 20:51:57', '2016-03-23 20:51:57', '3f7507c8-6bd8-4618-a6ce-20dd0992712d'),
 ('52', '2', '4', 'kitten.jpeg', 'image', '1200', '1200', '116539', '2016-03-23 20:53:20', '2016-03-23 20:53:21', '2016-03-23 20:53:21', 'f6bf4c37-c8f8-4af3-be7e-26e24c03d563'),
 ('53', '2', '2', 'paul-rand.jpg', 'image', '590', '390', '39247', '2016-03-23 21:01:53', '2016-03-23 21:01:53', '2016-03-23 21:01:53', '3c5f0c55-23f4-4f44-892a-9d166d89c798');



DROP TABLE IF EXISTS `craft_assetfolders`;


--
-- Schema for table `craft_assetfolders`
--
CREATE TABLE `craft_assetfolders` (
  `id` int(11) NOT NULL AUTO_INCREMENT,
  `parentId` int(11) DEFAULT NULL,
  `sourceId` int(11) DEFAULT NULL,
  `name` varchar(255) COLLATE utf8_unicode_ci NOT NULL,
  `path` varchar(255) COLLATE utf8_unicode_ci DEFAULT NULL,
  `dateCreated` datetime NOT NULL,
  `dateUpdated` datetime NOT NULL,
  `uid` char(36) COLLATE utf8_unicode_ci NOT NULL DEFAULT '0',
  PRIMARY KEY (`id`),
  UNIQUE KEY `craft_assetfolders_name_parentId_sourceId_unq_idx` (`name`,`parentId`,`sourceId`),
  KEY `craft_assetfolders_parentId_fk` (`parentId`),
  KEY `craft_assetfolders_sourceId_fk` (`sourceId`)
) ENGINE=InnoDB AUTO_INCREMENT=5 DEFAULT CHARSET=utf8 COLLATE=utf8_unicode_ci;

--
-- Data for table `craft_assetfolders`
--

INSERT INTO `craft_assetfolders` (`id`, `parentId`, `sourceId`, `name`, `path`, `dateCreated`, `dateUpdated`, `uid`) VALUES
 ('1', NULL, '1', 'Article PDFs', '', '2016-03-19 18:32:40', '2016-03-19 18:32:40', '794ac4f2-bb28-48e0-99c4-9c57c31d7661'),
 ('2', NULL, '2', 'Digest Images', '', '2016-03-23 20:43:53', '2016-03-23 20:43:53', '2dcb7c49-12af-4f97-bca2-049b91bb5722'),
 ('3', '2', '2', '2016-03-23_federal-circuit-grants-privilege-to-communications-with-non-attorney-patent-agents', '2016-03-23_federal-circuit-grants-privilege-to-communications-with-non-attorney-patent-agents/', '2016-03-23 20:51:56', '2016-03-23 20:51:56', '45a99787-7a3c-4260-8bed-b2b9dc88b425'),
 ('4', '2', '2', '2016-03-23', '2016-03-23/', '2016-03-23 20:53:20', '2016-03-23 20:53:20', 'b510dba9-49d9-4567-9e25-87c59cb0e172');



DROP TABLE IF EXISTS `craft_assetindexdata`;


--
-- Schema for table `craft_assetindexdata`
--
CREATE TABLE `craft_assetindexdata` (
  `id` int(11) NOT NULL AUTO_INCREMENT,
  `sessionId` varchar(36) COLLATE utf8_unicode_ci NOT NULL DEFAULT '',
  `sourceId` int(11) NOT NULL,
  `offset` int(11) NOT NULL,
  `uri` varchar(255) COLLATE utf8_unicode_ci DEFAULT NULL,
  `size` int(11) DEFAULT NULL,
  `recordId` int(11) DEFAULT NULL,
  `dateCreated` datetime NOT NULL,
  `dateUpdated` datetime NOT NULL,
  `uid` char(36) COLLATE utf8_unicode_ci NOT NULL DEFAULT '0',
  PRIMARY KEY (`id`),
  UNIQUE KEY `craft_assetindexdata_sessionId_sourceId_offset_unq_idx` (`sessionId`,`sourceId`,`offset`),
  KEY `craft_assetindexdata_sourceId_fk` (`sourceId`)
) ENGINE=InnoDB DEFAULT CHARSET=utf8 COLLATE=utf8_unicode_ci;

DROP TABLE IF EXISTS `craft_assetsources`;


--
-- Schema for table `craft_assetsources`
--
CREATE TABLE `craft_assetsources` (
  `id` int(11) NOT NULL AUTO_INCREMENT,
  `name` varchar(255) COLLATE utf8_unicode_ci NOT NULL,
  `handle` varchar(255) COLLATE utf8_unicode_ci NOT NULL,
  `type` varchar(150) COLLATE utf8_unicode_ci NOT NULL,
  `settings` text COLLATE utf8_unicode_ci,
  `sortOrder` smallint(6) unsigned DEFAULT NULL,
  `fieldLayoutId` int(11) DEFAULT NULL,
  `dateCreated` datetime NOT NULL,
  `dateUpdated` datetime NOT NULL,
  `uid` char(36) COLLATE utf8_unicode_ci NOT NULL DEFAULT '0',
  PRIMARY KEY (`id`),
  UNIQUE KEY `craft_assetsources_name_unq_idx` (`name`),
  UNIQUE KEY `craft_assetsources_handle_unq_idx` (`handle`),
  KEY `craft_assetsources_fieldLayoutId_fk` (`fieldLayoutId`)
) ENGINE=InnoDB AUTO_INCREMENT=3 DEFAULT CHARSET=utf8 COLLATE=utf8_unicode_ci;

--
-- Data for table `craft_assetsources`
--

INSERT INTO `craft_assetsources` (`id`, `name`, `handle`, `type`, `settings`, `sortOrder`, `fieldLayoutId`, `dateCreated`, `dateUpdated`, `uid`) VALUES
 ('1', 'Article PDFs', 'articlePdfs', 'Local', '{\"path\":\".\\/assets\\/articlePDFs\\/\",\"publicURLs\":\"1\",\"url\":\"\\/assets\\/articlePDFs\\/\"}', '1', '25', '2016-03-19 18:32:40', '2016-03-19 18:36:40', '09e0e8cb-0ecb-4988-a4bd-7f2af9057236'),
 ('2', 'Digest Images', 'digestImages', 'Local', '{\"path\":\".\\/assets\\/digestImages\\/\",\"publicURLs\":\"1\",\"url\":\"\\/assets\\/digestImages\\/\"}', '2', '48', '2016-03-23 20:43:53', '2016-03-23 20:43:53', 'cd568cee-88e1-444c-877f-31fdc5e985e7');



DROP TABLE IF EXISTS `craft_assettransformindex`;


--
-- Schema for table `craft_assettransformindex`
--
CREATE TABLE `craft_assettransformindex` (
  `id` int(11) NOT NULL AUTO_INCREMENT,
  `fileId` int(11) NOT NULL,
  `filename` varchar(255) COLLATE utf8_unicode_ci DEFAULT NULL,
  `format` varchar(255) COLLATE utf8_unicode_ci DEFAULT NULL,
  `location` varchar(255) COLLATE utf8_unicode_ci NOT NULL,
  `sourceId` int(11) DEFAULT NULL,
  `fileExists` tinyint(1) DEFAULT NULL,
  `inProgress` tinyint(1) DEFAULT NULL,
  `dateIndexed` datetime DEFAULT NULL,
  `dateCreated` datetime NOT NULL,
  `dateUpdated` datetime NOT NULL,
  `uid` char(36) COLLATE utf8_unicode_ci NOT NULL DEFAULT '0',
  PRIMARY KEY (`id`),
  KEY `craft_assettransformindex_sourceId_fileId_location_idx` (`sourceId`,`fileId`,`location`)
) ENGINE=InnoDB DEFAULT CHARSET=utf8 COLLATE=utf8_unicode_ci;

DROP TABLE IF EXISTS `craft_assettransforms`;


--
-- Schema for table `craft_assettransforms`
--
CREATE TABLE `craft_assettransforms` (
  `id` int(11) NOT NULL AUTO_INCREMENT,
  `name` varchar(255) COLLATE utf8_unicode_ci NOT NULL,
  `handle` varchar(255) COLLATE utf8_unicode_ci NOT NULL,
  `mode` enum('stretch','fit','crop') COLLATE utf8_unicode_ci NOT NULL DEFAULT 'crop',
  `position` enum('top-left','top-center','top-right','center-left','center-center','center-right','bottom-left','bottom-center','bottom-right') COLLATE utf8_unicode_ci NOT NULL DEFAULT 'center-center',
  `height` int(11) DEFAULT NULL,
  `width` int(11) DEFAULT NULL,
  `format` varchar(255) COLLATE utf8_unicode_ci DEFAULT NULL,
  `quality` int(11) DEFAULT NULL,
  `dimensionChangeTime` datetime DEFAULT NULL,
  `dateCreated` datetime NOT NULL,
  `dateUpdated` datetime NOT NULL,
  `uid` char(36) COLLATE utf8_unicode_ci NOT NULL DEFAULT '0',
  PRIMARY KEY (`id`),
  UNIQUE KEY `craft_assettransforms_name_unq_idx` (`name`),
  UNIQUE KEY `craft_assettransforms_handle_unq_idx` (`handle`)
) ENGINE=InnoDB DEFAULT CHARSET=utf8 COLLATE=utf8_unicode_ci;

DROP TABLE IF EXISTS `craft_categories`;


--
-- Schema for table `craft_categories`
--
CREATE TABLE `craft_categories` (
  `id` int(11) NOT NULL,
  `groupId` int(11) NOT NULL,
  `dateCreated` datetime NOT NULL,
  `dateUpdated` datetime NOT NULL,
  `uid` char(36) COLLATE utf8_unicode_ci NOT NULL DEFAULT '0',
  PRIMARY KEY (`id`),
  KEY `craft_categories_groupId_fk` (`groupId`)
) ENGINE=InnoDB DEFAULT CHARSET=utf8 COLLATE=utf8_unicode_ci;

--
-- Data for table `craft_categories`
--

INSERT INTO `craft_categories` (`id`, `groupId`, `dateCreated`, `dateUpdated`, `uid`) VALUES
 ('14', '1', '2016-03-22 02:17:49', '2016-03-22 02:18:49', '1916ec23-44cd-4c5b-afdc-55435494734c'),
 ('15', '1', '2016-03-22 02:18:14', '2016-03-22 02:18:14', '84ef93b2-3128-4746-89b5-297da3ee6b49'),
 ('16', '1', '2016-03-22 02:18:30', '2016-03-22 02:18:30', 'e588fb36-dd40-4cf4-ae91-ef2186105ba5'),
 ('17', '1', '2016-03-22 02:18:36', '2016-03-22 02:18:36', '26c1c26b-dd1b-4edc-bb15-2a6a7762a743');



DROP TABLE IF EXISTS `craft_categorygroups`;


--
-- Schema for table `craft_categorygroups`
--
CREATE TABLE `craft_categorygroups` (
  `id` int(11) NOT NULL AUTO_INCREMENT,
  `structureId` int(11) NOT NULL,
  `fieldLayoutId` int(11) DEFAULT NULL,
  `name` varchar(255) COLLATE utf8_unicode_ci NOT NULL,
  `handle` varchar(255) COLLATE utf8_unicode_ci NOT NULL,
  `hasUrls` tinyint(1) unsigned NOT NULL DEFAULT '1',
  `template` varchar(500) COLLATE utf8_unicode_ci DEFAULT NULL,
  `dateCreated` datetime NOT NULL,
  `dateUpdated` datetime NOT NULL,
  `uid` char(36) COLLATE utf8_unicode_ci NOT NULL DEFAULT '0',
  PRIMARY KEY (`id`),
  UNIQUE KEY `craft_categorygroups_name_unq_idx` (`name`),
  UNIQUE KEY `craft_categorygroups_handle_unq_idx` (`handle`),
  KEY `craft_categorygroups_structureId_fk` (`structureId`),
  KEY `craft_categorygroups_fieldLayoutId_fk` (`fieldLayoutId`)
) ENGINE=InnoDB AUTO_INCREMENT=2 DEFAULT CHARSET=utf8 COLLATE=utf8_unicode_ci;

--
-- Data for table `craft_categorygroups`
--

INSERT INTO `craft_categorygroups` (`id`, `structureId`, `fieldLayoutId`, `name`, `handle`, `hasUrls`, `template`, `dateCreated`, `dateUpdated`, `uid`) VALUES
 ('1', '1', '28', 'JOLT Digest Categories', 'digestCategories', '1', '', '2016-03-22 02:17:30', '2016-03-22 02:17:30', 'c0a3db5b-07b5-434c-aa6a-57e14b940c72');



DROP TABLE IF EXISTS `craft_categorygroups_i18n`;


--
-- Schema for table `craft_categorygroups_i18n`
--
CREATE TABLE `craft_categorygroups_i18n` (
  `id` int(11) NOT NULL AUTO_INCREMENT,
  `groupId` int(11) NOT NULL,
  `locale` char(12) COLLATE utf8_unicode_ci NOT NULL,
  `urlFormat` text COLLATE utf8_unicode_ci,
  `nestedUrlFormat` text COLLATE utf8_unicode_ci,
  `dateCreated` datetime NOT NULL,
  `dateUpdated` datetime NOT NULL,
  `uid` char(36) COLLATE utf8_unicode_ci NOT NULL DEFAULT '0',
  PRIMARY KEY (`id`),
  UNIQUE KEY `craft_categorygroups_i18n_groupId_locale_unq_idx` (`groupId`,`locale`),
  KEY `craft_categorygroups_i18n_locale_fk` (`locale`)
) ENGINE=InnoDB AUTO_INCREMENT=2 DEFAULT CHARSET=utf8 COLLATE=utf8_unicode_ci;

--
-- Data for table `craft_categorygroups_i18n`
--

INSERT INTO `craft_categorygroups_i18n` (`id`, `groupId`, `locale`, `urlFormat`, `nestedUrlFormat`, `dateCreated`, `dateUpdated`, `uid`) VALUES
 ('1', '1', 'en_us', 'digest-categories/{slug}', '{parent.uri}/{slug}', '2016-03-22 02:17:30', '2016-03-22 02:17:30', 'fe2fd2ef-69a2-4016-b23b-b36332fc999c');



DROP TABLE IF EXISTS `craft_content`;


--
-- Schema for table `craft_content`
--
CREATE TABLE `craft_content` (
  `id` int(11) NOT NULL AUTO_INCREMENT,
  `elementId` int(11) NOT NULL,
  `locale` char(12) COLLATE utf8_unicode_ci NOT NULL,
  `title` varchar(255) COLLATE utf8_unicode_ci DEFAULT NULL,
  `field_articlesFall` text COLLATE utf8_unicode_ci,
  `field_articlesSpring` text COLLATE utf8_unicode_ci,
  `field_publishedFall` datetime DEFAULT NULL,
  `field_publishedSpring` datetime DEFAULT NULL,
  `field_featuredContent` text COLLATE utf8_unicode_ci,
  `field_authorName` text COLLATE utf8_unicode_ci,
  `field_joltDigestDescription` text COLLATE utf8_unicode_ci,
  `field_address` text COLLATE utf8_unicode_ci,
  `field_joltEmail` text COLLATE utf8_unicode_ci,
  `field_featuredTitle` text COLLATE utf8_unicode_ci,
  `field_body` text COLLATE utf8_unicode_ci,
  `field_byline` text COLLATE utf8_unicode_ci,
  `dateCreated` datetime NOT NULL,
  `dateUpdated` datetime NOT NULL,
  `uid` char(36) COLLATE utf8_unicode_ci NOT NULL DEFAULT '0',
  PRIMARY KEY (`id`),
  UNIQUE KEY `craft_content_elementId_locale_unq_idx` (`elementId`,`locale`),
  KEY `craft_content_title_idx` (`title`),
  KEY `craft_content_locale_fk` (`locale`)
) ENGINE=InnoDB AUTO_INCREMENT=42 DEFAULT CHARSET=utf8 COLLATE=utf8_unicode_ci;

--
-- Data for table `craft_content`
--

INSERT INTO `craft_content` (`id`, `elementId`, `locale`, `title`, `field_articlesFall`, `field_articlesSpring`, `field_publishedFall`, `field_publishedSpring`, `field_featuredContent`, `field_authorName`, `field_joltDigestDescription`, `field_address`, `field_joltEmail`, `field_featuredTitle`, `field_body`, `field_byline`, `dateCreated`, `dateUpdated`, `uid`) VALUES
 ('4', '4', 'en_us', 'Volume 28', '<ul><li><a href=\"http://jolt.law.harvard.edu/articles/pdf/v28/28HarvJLTech1.pdf\">Your Secret StingRay\'s No Secret Anymore: The Vanishing Government Monopoly over Cell Phone Surveillance and Its Impact on National Security and Consumer Privacy</a>&nbsp;- Stephanie K. Pell & Christopher Soghoian</li><li><a href=\"http://jolt.law.harvard.edu/articles/pdf/v28/28HarvJLTech77.pdf\">Improving Patent Quality with Applicant Incentives</a>&nbsp;- Stephen Yelderman</li><li><a href=\"http://jolt.law.harvard.edu/articles/pdf/v28/28HarvJLTech137.pdf\">Free-Riding, Cooperation, and \"Peaceful Revolutions\" in Copyright</a>&nbsp;- Nicolas Suzor</li><li><a href=\"http://jolt.law.harvard.edu/articles/pdf/v28/28HarvJLTech195.pdf\">The New Law of Ideas</a>&nbsp;- Robert C. Denicola</li></ul>', '<ul><li><a href=\"http://jolt.law.harvard.edu/articles/pdf/v28/28HarvJLTech349.pdf\">Reconceptualizing the Right To Be Forgotten To Enable Transatlantic Data Flow</a>&nbsp;- Michael L. Rustad & Sanna Kulevska</li><li><a href=\"http://jolt.law.harvard.edu/articles/pdf/v28/28HarvJLTech419.pdf\">Black-Box Medicine</a>&nbsp;- W. Nicholson Price II</li><li><a href=\"http://jolt.law.harvard.edu/articles/pdf/v28/28HarvJLTech469.pdf\">Reforming Copyright Interpretation</a>&nbsp;- Zahr K. Said</li></ul>', '2014-12-01 00:00:00', '2015-10-07 00:00:00', NULL, NULL, NULL, NULL, NULL, NULL, NULL, NULL, '2016-03-18 21:59:08', '2016-03-19 02:18:50', '789d97af-c059-42b1-8ec2-181ad968da86'),
 ('5', '5', 'en_us', 'Volume 27', '<ul><li><a href=\"http://jolt.law.harvard.edu/articles/pdf/v27/27HarvJLTech1.pdf\">Reverse Payments, Perverse Incentives</a>&nbsp;- Murat C. Mungan</li><li><a href=\"http://jolt.law.harvard.edu/articles/pdf/v27/27HarvJLTech49.pdf\">Stronger than Kryptonite? Inalienable Profit-Sharing Schemes in Copyright Law</a>&nbsp;- Guy A. Rub</li><li><a href=\"http://jolt.law.harvard.edu/articles/pdf/v27/27HarvJLTech135.pdf\">Technological Cost as Law in Intellectual Property</a>&nbsp;- Harry Surden</li><li><a href=\"http://jolt.law.harvard.edu/articles/pdf/v27/27HarvJLTech203.pdf\">Copyright Lawmaking and Public Choice: From Legislative Battles to Private Ordering</a>&nbsp;- Yafit Lev-Aretz</li></ul>', '<ul><li><a href=\"http://jolt.law.harvard.edu/articles/pdf/v27/27HarvJLTech349.pdf\">University(TM): Trademark Rights Accretion in Higher Education</a>&nbsp;- Jacob H. Rooksby</li><li><a href=\"http://jolt.law.harvard.edu/articles/pdf/v27/27HarvJLTech421.pdf\">Power and Governance in Patent Pools</a>&nbsp;- Michael Mattioli</li><li><a href=\"http://jolt.law.harvard.edu/articles/pdf/v27/27HarvJLTech467.pdf\">Copyright Extremophiles: Do Creative Industries Thrive or Just Survive in China\'s High-Piracy Environment?</a>&nbsp;- Eric Priest</li></ul>', '2014-08-07 00:00:00', '2015-03-11 00:00:00', NULL, NULL, NULL, NULL, NULL, NULL, NULL, NULL, '2016-03-18 22:13:26', '2016-03-19 02:22:37', '537cddf0-11ba-4fcf-b03f-9966d4b02ad3'),
 ('6', '10', 'en_us', 'Volume 26', '<ul><li><a href=\"http://jolt.law.harvard.edu/articles/pdf/v26/26HarvJLTech1.pdf\">Protecting Open Innovation: The Defensive Patent License as a New Approach to Patent Threats, Transaction Costs, and Tactical Disarmament</a>&nbsp;- Jason Schultz and Jennifer M. Urban</li><li><a href=\"http://jolt.law.harvard.edu/articles/pdf/v26/26HarvJLTech69.pdf\">Open Wireless vs. Licensed Spectrum: Evidence from Market Adoption</a>&nbsp;- Yochai Benkler</li><li><a href=\"http://jolt.law.harvard.edu/articles/pdf/v26/26HarvJLTech165.pdf\">A Face Tells More than a Thousand Posts: Developing Face Recognition Privacy in Social Networks</a>&nbsp;- Yana Welinder</li><li><a href=\"http://jolt.law.harvard.edu/articles/pdf/v26/26HarvJLTech241.pdf\">Using Technology to Enhance Access to Justice</a>&nbsp;- James E. Cabral, Abhijeet Chavan, Thomas M. Clarke, John Greacen, Bonnie Rose Hough, Linda Rexer, Jane Ribadeneyra & Richard Zorza</li></ul>', '', '2012-04-01 00:00:00', NULL, NULL, NULL, NULL, NULL, NULL, NULL, NULL, NULL, '2016-03-19 02:23:57', '2016-03-19 02:24:55', '5675be77-8e99-4f58-9033-fa16dda128dc'),
 ('7', '12', 'en_us', 'Featured Article', NULL, NULL, NULL, NULL, '<p>This Article examines the implications of the&nbsp;<em>Google Spain</em>&nbsp;case as well as the full-blown impact of the proposed GDPR that is estimated to go into effect in the European Union in 2017. The central problem with the right to be forgotten as conceptualized by the CJEU and the Commission is that the expansiveness of the right threatens to cannibalize free expression. Thus, this Article calls for a shrinking of the right to be forgotten to appropriately balance the right of data subjects to control personal information about themselves with free expression and the public interest in preserving history. We propose that the EU Commission operationalize free expression by narrowing the right to be forgotten for private persons, public officials, and public figures. Private persons will have the right to delete links to their own postings and repostings by third parties. They will have a right to delete links to postings created by third parties upon proof that the information serves no legitimate purpose other than to embarrass or extort payment from the data subject. Public officials and public figures will have a right to remove links to their own postings and repostings by third parties, but not postings about them by third parties, unless the third party was acting with actual malice and the posting does not implicate the public\'s right to know. In addition, all right to be forgotten requests will be subject to a general exemption for the public\'s right to know.</p>', 'Michael L. Rustad & Sanna Kulevska', '<p>JOLT Digest is the online companion to the Harvard Journal of Law & Technology. The Digest features short student-written articles on recent developments in areas such as patent law, copyright, biotechnology, cybersecurity, privacy, telecommunications, and cyberlaw.</p>', NULL, NULL, 'Reconceptualizing the Right To Be Forgotten To Enable Transatlantic Data Flow Current', NULL, NULL, '2016-03-19 17:54:18', '2016-03-22 17:56:51', 'f2435613-9cb8-4ffa-a9d4-b8120e03ea08'),
 ('8', '13', 'en_us', '28 Harv Jltech349', NULL, NULL, NULL, NULL, NULL, NULL, NULL, NULL, NULL, NULL, NULL, NULL, '2016-03-19 18:36:46', '2016-03-19 18:36:46', '4f0035f3-d085-472e-bff9-61d287c5421a'),
 ('9', '14', 'en_us', 'Digest Notes', NULL, NULL, NULL, NULL, NULL, NULL, NULL, NULL, NULL, NULL, NULL, NULL, '2016-03-22 02:17:48', '2016-03-22 02:18:49', 'e091899a-5803-4af6-ae90-111967d2baa8'),
 ('10', '15', 'en_us', 'Patent', NULL, NULL, NULL, NULL, NULL, NULL, NULL, NULL, NULL, NULL, NULL, NULL, '2016-03-22 02:18:14', '2016-03-22 02:18:14', '21187a52-4aa7-43d5-8589-8a531e44f92d'),
 ('11', '16', 'en_us', 'Copyright', NULL, NULL, NULL, NULL, NULL, NULL, NULL, NULL, NULL, NULL, NULL, NULL, '2016-03-22 02:18:30', '2016-03-22 02:18:30', '902302a5-3cc7-4a54-972f-9a4397d28126'),
 ('12', '17', 'en_us', 'Internet', NULL, NULL, NULL, NULL, NULL, NULL, NULL, NULL, NULL, NULL, NULL, NULL, '2016-03-22 02:18:36', '2016-03-22 02:18:36', '1305dd23-1f71-465a-9f5e-2d8522e93d80'),
 ('13', '18', 'en_us', 'How to get involved with JOLT', NULL, NULL, NULL, NULL, NULL, NULL, NULL, NULL, NULL, NULL, NULL, NULL, '2016-03-22 03:21:02', '2016-03-22 03:41:30', '4d7e968d-b946-4f89-af0f-15f376626d06'),
 ('14', '19', 'en_us', 'Article Editor', NULL, NULL, NULL, NULL, NULL, NULL, NULL, NULL, NULL, NULL, NULL, NULL, '2016-03-22 03:21:25', '2016-03-22 03:21:25', 'e4e7a398-0d5a-4cc3-9236-ce6572c4c14a'),
 ('15', '20', 'en_us', 'Digest Sign-ups', NULL, NULL, NULL, NULL, NULL, NULL, NULL, NULL, NULL, NULL, NULL, NULL, '2016-03-22 03:33:08', '2016-03-22 03:33:08', '630339fe-6006-4a20-8d3a-32848f9f6d0e'),
 ('16', '21', 'en_us', 'Line Editor', NULL, NULL, NULL, NULL, NULL, NULL, NULL, NULL, NULL, NULL, NULL, NULL, '2016-03-22 03:36:20', '2016-03-22 03:36:20', 'c31eda18-22b1-4589-add8-0e7bfabaf2d9'),
 ('17', '22', 'en_us', 'Overview of JOLT Positions', NULL, NULL, NULL, NULL, NULL, NULL, NULL, NULL, NULL, NULL, NULL, NULL, '2016-03-22 03:36:29', '2016-03-22 03:36:29', 'dbe6271f-7816-4d16-b772-4ce4743fc6c3'),
 ('18', '23', 'en_us', 'Production Editor (1L)', NULL, NULL, NULL, NULL, NULL, NULL, NULL, NULL, NULL, NULL, NULL, NULL, '2016-03-22 03:36:49', '2016-03-22 03:36:49', 'dd0dcc8c-5d87-4f12-9d94-97b89aaae13f'),
 ('19', '24', 'en_us', 'Student Writing', NULL, NULL, NULL, NULL, NULL, NULL, NULL, NULL, NULL, NULL, NULL, NULL, '2016-03-22 03:37:03', '2016-03-22 03:37:03', '00d3236a-8204-46e5-8f2b-7e7d5c087069'),
 ('20', '25', 'en_us', 'Author Eligibility for Student Notes', NULL, NULL, NULL, NULL, NULL, NULL, NULL, NULL, NULL, NULL, NULL, NULL, '2016-03-22 03:37:16', '2016-03-22 03:37:16', 'ed42447e-00e8-49f0-b60f-58ebf7d54dbc'),
 ('21', '26', 'en_us', 'Subciter', NULL, NULL, NULL, NULL, NULL, NULL, NULL, NULL, NULL, NULL, NULL, NULL, '2016-03-22 03:37:29', '2016-03-22 03:37:29', '30833809-185c-4839-b61d-2bb08d891f5b'),
 ('22', '27', 'en_us', 'Technology Editor', NULL, NULL, NULL, NULL, NULL, NULL, NULL, NULL, NULL, NULL, NULL, NULL, '2016-03-22 03:40:57', '2016-03-22 03:40:57', '3744a64d-e5b1-4c86-8372-b338808aa617'),
 ('23', '28', 'en_us', 'Advising', NULL, NULL, NULL, NULL, NULL, NULL, NULL, NULL, NULL, NULL, NULL, NULL, '2016-03-22 03:41:24', '2016-03-22 03:41:24', '0740a000-9ed6-4efe-a49e-e1c5a4197355'),
 ('24', '29', 'en_us', 'Big Sib Program', NULL, NULL, NULL, NULL, NULL, NULL, NULL, NULL, NULL, NULL, NULL, NULL, '2016-03-22 03:42:16', '2016-03-22 03:42:16', '831abc01-1dbe-41ed-b115-6ce8dbc121a4'),
 ('25', '30', 'en_us', 'Clerkship Advice', NULL, NULL, NULL, NULL, NULL, NULL, NULL, NULL, NULL, NULL, NULL, NULL, '2016-03-22 03:42:30', '2016-03-22 03:42:30', 'f42e1850-6056-4192-a425-b672d08b6eef'),
 ('26', '31', 'en_us', 'Course Advice', NULL, NULL, NULL, NULL, NULL, NULL, NULL, NULL, NULL, NULL, NULL, NULL, '2016-03-22 03:42:43', '2016-03-22 03:42:43', 'eef18640-f49e-4dd3-8a1c-da82f69dad3a'),
 ('27', '32', 'en_us', '1L International Law Electives', NULL, NULL, NULL, NULL, NULL, NULL, NULL, NULL, NULL, NULL, NULL, NULL, '2016-03-22 03:43:02', '2016-03-22 03:43:02', 'e8694088-11cc-4841-8edb-39bf2a277b07'),
 ('28', '33', 'en_us', 'Advanced IP', NULL, NULL, NULL, NULL, NULL, NULL, NULL, NULL, NULL, NULL, NULL, NULL, '2016-03-22 03:43:15', '2016-03-22 03:43:15', '2cab560c-2f81-4960-b7d3-ec2a8038695c'),
 ('29', '34', 'en_us', 'Bankruptcy', NULL, NULL, NULL, NULL, NULL, NULL, NULL, NULL, NULL, NULL, NULL, NULL, '2016-03-22 03:43:33', '2016-03-22 03:43:33', 'a4f8869a-08f8-4dda-999a-cecde93712ba'),
 ('30', '35', 'en_us', NULL, NULL, NULL, NULL, NULL, NULL, NULL, NULL, NULL, NULL, NULL, NULL, NULL, '2016-03-22 03:57:25', '2016-03-22 04:23:25', '60e612cf-9ce6-4f87-b854-167c82d76748'),
 ('31', '36', 'en_us', NULL, NULL, NULL, NULL, NULL, NULL, NULL, NULL, 'Harvard Journal of Law & Technology \r\nHarvard Law School \r\nWasserstein Hall, Suite 3050 \r\n1585 Massachusetts Avenue \r\nCambridge, MA 02138', ' jolt@mail.law.harvard.edu', NULL, NULL, NULL, '2016-03-22 04:04:28', '2016-03-22 04:07:17', 'ea0e712b-59b4-4e58-a4af-70c3cccdec2d'),
 ('32', '41', 'en_us', 'JOLT Digest Index', NULL, NULL, NULL, NULL, NULL, NULL, NULL, NULL, NULL, NULL, NULL, NULL, '2016-03-22 17:49:27', '2016-03-22 17:49:27', '33ef3ddf-8c1b-42d2-8aa5-4f7115a9941e'),
 ('33', '42', 'en_us', 'Internal Wiki Index', NULL, NULL, NULL, NULL, NULL, NULL, NULL, NULL, NULL, NULL, NULL, NULL, '2016-03-22 17:49:58', '2016-03-22 17:57:15', 'd208415a-9053-450e-a581-9403b1481c49'),
 ('34', '43', 'en_us', 'Volumes Index', NULL, NULL, NULL, NULL, NULL, NULL, NULL, NULL, NULL, NULL, NULL, NULL, '2016-03-22 17:50:16', '2016-03-22 17:50:16', '9f73ff31-e1ec-44be-a7ae-1bada65b3610'),
 ('35', '44', 'en_us', NULL, NULL, NULL, NULL, NULL, NULL, NULL, NULL, NULL, NULL, NULL, NULL, NULL, '2016-03-22 18:11:21', '2016-03-22 18:16:30', 'cfee4167-bbc6-47c1-85d2-50fad9f24d73'),
 ('36', '49', 'en_us', 'Federal Circuit Grants Privilege to Communications with non-Attorney Patent Agents', NULL, NULL, NULL, NULL, NULL, NULL, NULL, NULL, NULL, NULL, '<p><em>In re Queen’s Univ. at Kingston</em>, No. 2015-145 (Fed. Cir. Mar. 7, 2016), opinion available&nbsp;<a href=\"http://www.cafc.uscourts.gov/sites/default/files/opinions-orders/15-145.Opinion.3-3-2016.1.PDF\">here</a>.</p>\r\n\r\n<p>The Court of Appeals for the Federal Circuit, by writ of mandamus, reversed an order by the U.S. District Court for the Eastern District of Texas to compel production of documents containing communications between plaintiff Queen’s University and its non-attorney patent agents.</p>\r\n\r\n\r\n\r\n\r\n\r\n<p>The Federal Circuit held that communications “relating to ‘obtaining legal advice on patentability and legal services in preparing a patent application’ will be kept privileged,” even if such communications are between a client and a non-attorney patent agent. In doing so, the court relied upon the Supreme Court’s decision in<em>&nbsp;</em><a href=\"https://supreme.justia.com/cases/federal/us/373/379/case.html\"><em>Sperry v. State of Florida ex rel. Florida Bar</em></a>, 373 U.S. 379 (1963), hosted by justia.com, which had established that patent agents did practice law, albeit to a limited extent. The Circuit reasoned that protecting legal communications, even if neither party is an attorney, would serve Congress’ intent in establishing patent agents as an alternative to attorneys in this limited context. In so holding, the court established for the first time a patent-agent privilege, overcoming the general presumption against finding new forms of privilege.<br>This petition arose out of a patent infringement suit brought by Queen’s University against Samsung for alleged infringement of patented technologies that allow devices “to change their behavior based on the attentiveness of a user&mdash;for example, pausing or starting a video based on a user’s eye-contact with the device.” During discovery, Queen’s University withheld certain documents containing communications with patent agents. A magistrate judge granted a motion to compel production, which the District Court allowed over Queen’s University’s objections. Queen’s University then petitioned the Circuit for a writ of mandamus.</p>\r\n\r\n\r\n\r\n\r\n\r\n<p>In holding as it did, the court relied heavily on the&nbsp;<em>Sperry</em>&nbsp;decision to establish that patent agents’ “preparation and prosecution of patent applications” before the U.S. Patent and Trademark Office does “constitute[] the practice of law.” Congress has authorized patent agents to advise clients and consider the advisability of various forms of protection, though only within a limited scope of Patent Office proceedings. The court accordingly limited the scope of the newly-created patent-agent privilege to these particular areas of patent agents’ work, cautioning that “before asserting the patent-agent privilege, litigants must take care to distinguish communications that are within the scope of activities authorized by Congress from those that are not.”</p>\r\n\r\n\r\n\r\n\r\n\r\n<p>Judge Jimmie V. Renya dissented from the majority opinion, unconvinced that patent agents’ activities warranted a departure from the general “presumption against the creation of new privileges.” Judge Renya emphasized that the factors that lead the Supreme Court to extend privilege to psychotherapist-patient communications in&nbsp;<a href=\"https://supreme.justia.com/cases/federal/us/518/1/\"><em>Jaffee v. Redmond</em></a>, 518 U.S. 1 (1996), &nbsp;were not present here. The majority agreed that the factors cited in&nbsp;<em>Jaffee</em>&nbsp;did not apply, but argued that those factors did not point&nbsp;<em>against</em>&nbsp;an extension of privilege in this case. The dissent also questioned whether the legislature, rather than the court, ought to decide extensions of new privileges. In response to this, the majority pointed to 1934’s Rules Enabling Act, which allows the courts to craft the Federal Rules of Civil Procedure and of Evidence.</p>\r\n\r\n\r\n\r\n\r\n\r\n<p>The&nbsp;<a href=\"http://www.natlawreview.com/article/re-queen-s-university-kingston-federal-circuit-recognizes-limited-patent-agent\">National Law Review</a>&nbsp;provides a summary of the ruling. Practitioners from&nbsp;<a href=\"http://www.lexology.com/library/detail.aspx?g=6782e46b-ce51-41ff-b04c-55c0317f6c2c\">Mayer Brown</a>&nbsp;and&nbsp;<a href=\"http://www.lexology.com/library/detail.aspx?g=fbf25a95-a73f-47b0-bcc6-915bb43b5136\">Pearl Cohen</a>&nbsp;have also weighed in, each highlighting the increased confidence that clients may have in communicating with their patent agents (a benefit the court had also noted). All three commentaries, however, urge caution with regard to the narrow categories of communications covered by the new patent-agent privilege. Pearl Cohen in particular speculated that new litigation might include disputes over whether communications fall within the privilege.</p>', 'By Kevin Crenny - Edited by Stacy Ruegilin', '2016-03-23 20:39:11', '2016-03-23 20:59:07', 'f54b7eb2-b13c-4122-a345-90585107ced1'),
 ('37', '50', 'en_us', 'Kitten', NULL, NULL, NULL, NULL, NULL, NULL, NULL, NULL, NULL, NULL, NULL, NULL, '2016-03-23 20:50:58', '2016-03-23 20:50:58', 'f8a2d646-a28b-4227-ba94-6bb0a95a75ea'),
 ('38', '51', 'en_us', 'Kitten', NULL, NULL, NULL, NULL, NULL, NULL, NULL, NULL, NULL, NULL, NULL, NULL, '2016-03-23 20:51:56', '2016-03-23 20:51:56', '7fd69815-9b5f-44d0-94b6-d7c0f36455c2'),
 ('39', '52', 'en_us', 'Kitten', NULL, NULL, NULL, NULL, NULL, NULL, NULL, NULL, NULL, NULL, NULL, NULL, '2016-03-23 20:53:20', '2016-03-23 20:53:20', '20203ef6-6b94-4401-9e96-6a67c7d6610c'),
 ('40', '53', 'en_us', 'Paul Rand', NULL, NULL, NULL, NULL, NULL, NULL, NULL, NULL, NULL, NULL, NULL, NULL, '2016-03-23 21:01:53', '2016-03-23 21:01:53', '2336f327-b61f-4699-a693-ddf61bf63f23'),
 ('41', '54', 'en_us', 'Flash Digest: News in Brief', NULL, NULL, NULL, NULL, NULL, NULL, NULL, NULL, NULL, NULL, '<h3>The Federal Aviation Association Implements a Mandatory Registration Process for Drones</h3><p><the federal=\"\" aviation=\"\" association=\"\" implements=\"\" a=\"\" mandatory=\"\" registration=\"\" process=\"\" for=\"\" drones=\"\">The&nbsp;<a href=\"https://www.faa.gov/news/press_releases/news_story.cfm?newsId=19856\">mandatory registration process of small unmanned aircraft</a>(UAS) by the Federal Aviation Association (FAA) in December drew<a href=\"https://www.modelaircraft.org/gov/docs/AMAAnalysis-Closer-Look-at-FAA-Drone-Data_091415.pdf\">considerable speculation</a>&nbsp;regarding the necessity of the registration process.&nbsp;<a href=\"http://mercatus.org/publication/do-consumer-drones-endanger-national-airspace-evidence-wildlife-strike-data\">Researchers at George Mason University’s Mercatus Center</a>&nbsp;investigated the risk of small drones on air traffic by studying the effects of wildlife collisions with aircraft and estimate that “one damaging incident will occur no more than every 1.87 million years of 2kg UAS flight time.” The study acknowledges that UAS may be more damaging to aircraft than wildlife, but conclude that the probability of a collision occurring is “at an acceptable level.”</the></p><h3><the federal=\"\" aviation=\"\" association=\"\" implements=\"\" a=\"\" mandatory=\"\" registration=\"\" process=\"\" for=\"\" drones=\"\">The FDA Expedites the Review Process for Generic Pharmaceutical Drugs<br></the></h3><p><the federal=\"\" aviation=\"\" association=\"\" implements=\"\" a=\"\" mandatory=\"\" registration=\"\" process=\"\" for=\"\" drones=\"\"><the fda=\"\" expedites=\"\" the=\"\" review=\"\" process=\"\" for=\"\" generic=\"\" pharmaceutical=\"\" drugs=\"\">The Food and Drug Administration has introduced an expedited&nbsp;<a href=\"http://www.fda.gov/downloads/AboutFDA/CentersOffices/OfficeofMedicalProductsandTobacco/CDER/ManualofPoliciesProcedures/UCM407849.pdf?source=govdelivery&utm_medium=email&utm_source=govdelivery\">review process</a>&nbsp;for generic pharmaceutical drugs that would compete with an off-patent drug produced by a single company. When a patent expires, the patent holder can raise drug prices because of its exclusive hold on the market, making it unattractive for new producers to join. Estimating the change will affect as many as&nbsp;<a href=\"http://www.bloomberg.com/news/articles/2016-03-14/shkreli-s-strategy-to-jack-up-drug-prices-may-be-curbed-by-fda\">125 generic drugs</a>, the FDA hopes to foil plans of drug manufacturers such as&nbsp;<a href=\"http://www.bbc.com/news/world-us-canada-34331761\">Martin Shkreli</a>, the former CEO of Turing Pharmaceuticals, who famously increased the price of an antiparasitic drug tablet from $13.50 to $750.</the></the></p><h3><the federal=\"\" aviation=\"\" association=\"\" implements=\"\" a=\"\" mandatory=\"\" registration=\"\" process=\"\" for=\"\" drones=\"\"><the fda=\"\" expedites=\"\" the=\"\" review=\"\" process=\"\" for=\"\" generic=\"\" pharmaceutical=\"\" drugs=\"\">Senate Rejects GMO Labeling Bill</the></the></h3><p><the federal=\"\" aviation=\"\" association=\"\" implements=\"\" a=\"\" mandatory=\"\" registration=\"\" process=\"\" for=\"\" drones=\"\"><the fda=\"\" expedites=\"\" the=\"\" review=\"\" process=\"\" for=\"\" generic=\"\" pharmaceutical=\"\" drugs=\"\"><strong></strong></the></the>The Senate rejected a&nbsp;<a href=\"http://www.npr.org/sections/thesalt/2016/03/16/470677241/bill-that-would-block-states-from-mandating-gmo-labels-stalls-in-senate\">bill</a>&nbsp;that would have established voluntary labeling of genetically modified organisms (GMO). Democrat&nbsp;<a href=\"http://www.nytimes.com/2016/03/16/business/senate-to-vote-on-gmo-food-labeling-bill.html?rref=collection%2Ftimestopic%2FGenetically%20Modified%20Food&action=click&contentCollection=timestopics&region=stream&module=stream_unit&version=latest&contentPlacement=1&pgtype=collection&_r=1\">Senator Jon Tester</a>&nbsp;and organic farmer from Montana called the bill a “bad, bad, bad policy” because the voluntary standards “are no standards at all.” If it had passed, the bill would have preempted&nbsp;<a href=\"http://www.heritage.org/research/reports/2015/11/vermont-lawsuit-a-test-case-for-gmo-labeling-laws-and-the-first-amendment\">Vermont’s mandatory GMO labeling law</a>, which is scheduled to take effect on July 1, 2016. Though GMO labeling is a highly disputed issue,&nbsp;<a href=\"http://www.forbes.com/sites/dalebuss/2014/02/20/americans-still-arent-buying-gmo-gospel-ask-general-mills/#c3153ae1d06a\">General Mills</a>&nbsp;received no sales benefit from labeling Cheerios® as GMO-free.</p>', 'By Gia Velasquez – Edited by Olga Slobodyanyuk', '2016-03-23 21:02:37', '2016-03-23 21:02:37', '93b3de45-7af8-4555-ada1-bb7a55c2a444');



DROP TABLE IF EXISTS `craft_deprecationerrors`;


--
-- Schema for table `craft_deprecationerrors`
--
CREATE TABLE `craft_deprecationerrors` (
  `id` int(11) NOT NULL AUTO_INCREMENT,
  `key` varchar(255) COLLATE utf8_unicode_ci NOT NULL,
  `fingerprint` varchar(255) COLLATE utf8_unicode_ci NOT NULL,
  `lastOccurrence` datetime NOT NULL,
  `file` varchar(255) COLLATE utf8_unicode_ci NOT NULL,
  `line` smallint(6) unsigned NOT NULL,
  `class` varchar(255) COLLATE utf8_unicode_ci DEFAULT NULL,
  `method` varchar(255) COLLATE utf8_unicode_ci DEFAULT NULL,
  `template` varchar(255) COLLATE utf8_unicode_ci DEFAULT NULL,
  `templateLine` smallint(6) unsigned DEFAULT NULL,
  `message` varchar(255) COLLATE utf8_unicode_ci DEFAULT NULL,
  `traces` text COLLATE utf8_unicode_ci,
  `dateCreated` datetime NOT NULL,
  `dateUpdated` datetime NOT NULL,
  `uid` char(36) COLLATE utf8_unicode_ci NOT NULL DEFAULT '0',
  PRIMARY KEY (`id`),
  UNIQUE KEY `craft_deprecationerrors_key_fingerprint_unq_idx` (`key`,`fingerprint`)
) ENGINE=InnoDB DEFAULT CHARSET=utf8 COLLATE=utf8_unicode_ci;

DROP TABLE IF EXISTS `craft_elementindexsettings`;


--
-- Schema for table `craft_elementindexsettings`
--
CREATE TABLE `craft_elementindexsettings` (
  `id` int(11) NOT NULL AUTO_INCREMENT,
  `type` varchar(150) COLLATE utf8_unicode_ci NOT NULL,
  `settings` text COLLATE utf8_unicode_ci,
  `dateCreated` datetime NOT NULL,
  `dateUpdated` datetime NOT NULL,
  `uid` char(36) COLLATE utf8_unicode_ci NOT NULL DEFAULT '0',
  PRIMARY KEY (`id`),
  UNIQUE KEY `craft_elementindexsettings_type_unq_idx` (`type`)
) ENGINE=InnoDB AUTO_INCREMENT=2 DEFAULT CHARSET=utf8 COLLATE=utf8_unicode_ci;

--
-- Data for table `craft_elementindexsettings`
--

INSERT INTO `craft_elementindexsettings` (`id`, `type`, `settings`, `dateCreated`, `dateUpdated`, `uid`) VALUES
 ('1', 'Entry', '{\"sources\":{\"section:2\":{\"tableAttributes\":{\"1\":\"postDate\",\"2\":\"author\",\"3\":\"link\"}},\"singles\":{\"tableAttributes\":{\"1\":\"author\",\"2\":\"link\",\"3\":\"uri\"}}}}', '2016-03-19 02:24:32', '2016-03-22 17:55:02', '4b6f3393-ea98-4504-923f-f447be26b61b');



DROP TABLE IF EXISTS `craft_elements`;


--
-- Schema for table `craft_elements`
--
CREATE TABLE `craft_elements` (
  `id` int(11) NOT NULL AUTO_INCREMENT,
  `type` varchar(150) COLLATE utf8_unicode_ci NOT NULL,
  `enabled` tinyint(1) unsigned NOT NULL DEFAULT '1',
  `archived` tinyint(1) unsigned NOT NULL DEFAULT '0',
  `dateCreated` datetime NOT NULL,
  `dateUpdated` datetime NOT NULL,
  `uid` char(36) COLLATE utf8_unicode_ci NOT NULL DEFAULT '0',
  PRIMARY KEY (`id`),
  KEY `craft_elements_type_idx` (`type`),
  KEY `craft_elements_enabled_idx` (`enabled`),
  KEY `craft_elements_archived_dateCreated_idx` (`archived`,`dateCreated`)
) ENGINE=InnoDB AUTO_INCREMENT=55 DEFAULT CHARSET=utf8 COLLATE=utf8_unicode_ci;

--
-- Data for table `craft_elements`
--

INSERT INTO `craft_elements` (`id`, `type`, `enabled`, `archived`, `dateCreated`, `dateUpdated`, `uid`) VALUES
 ('1', 'User', '1', '0', '2016-03-16 02:57:44', '2016-03-19 01:28:57', 'acc8b52e-5fd9-4e01-8e89-8f1852928480'),
 ('4', 'Entry', '1', '0', '2016-03-18 21:59:08', '2016-03-19 02:18:50', 'e51b0121-18b2-42e5-95f5-7763e481089b'),
 ('5', 'Entry', '1', '0', '2016-03-18 22:13:26', '2016-03-19 02:22:37', '1d9e803a-c6c8-4765-ba87-99410e884d07'),
 ('6', 'MatrixBlock', '1', '0', '2016-03-19 02:18:45', '2016-03-19 02:18:50', '0e6c30cd-0591-48c7-a02b-ea532798788d'),
 ('7', 'MatrixBlock', '1', '0', '2016-03-19 02:18:45', '2016-03-19 02:18:50', '533ae5a7-092f-4d4b-8fee-0dad8e046eaa'),
 ('8', 'MatrixBlock', '1', '0', '2016-03-19 02:22:37', '2016-03-19 02:22:37', 'fe353a40-126c-42bf-8dcb-864d7afc7b08'),
 ('9', 'MatrixBlock', '1', '0', '2016-03-19 02:22:37', '2016-03-19 02:22:37', '4efe7ea1-77f2-48a4-90d1-c1ca8f622b67'),
 ('10', 'Entry', '1', '0', '2016-03-19 02:23:56', '2016-03-19 02:24:55', '3ff1ecbd-9f99-40f6-8e78-8739b9a29760'),
 ('11', 'MatrixBlock', '1', '0', '2016-03-19 02:23:57', '2016-03-19 02:24:55', '6b33e337-a35f-4d45-abaf-61ce8acfb0a8'),
 ('12', 'Entry', '1', '0', '2016-03-19 17:54:18', '2016-03-22 17:56:51', 'f42ef271-a1a0-42ac-9f69-ddbacd99576b'),
 ('13', 'Asset', '1', '0', '2016-03-19 18:36:46', '2016-03-19 18:36:46', '306cef0f-5a6c-45cd-ad7e-9b9d16dccfe4'),
 ('14', 'Category', '1', '0', '2016-03-22 02:17:48', '2016-03-22 02:18:49', '49b708ed-a41a-4abe-a59c-b8211fb77b54'),
 ('15', 'Category', '1', '0', '2016-03-22 02:18:13', '2016-03-22 02:18:13', '676f9b19-8b17-4451-ba6e-5b79aeeddc22'),
 ('16', 'Category', '1', '0', '2016-03-22 02:18:30', '2016-03-22 02:18:30', '5d751d26-60c8-4018-b7e9-beadaad01b8b'),
 ('17', 'Category', '1', '0', '2016-03-22 02:18:36', '2016-03-22 02:18:36', '171fb0c3-9071-4225-9a0a-47cc0b814a70'),
 ('18', 'Entry', '1', '0', '2016-03-22 03:21:02', '2016-03-22 03:41:30', '7016b339-d2d3-4e4b-bb89-2853c1b437ac'),
 ('19', 'Entry', '1', '0', '2016-03-22 03:21:25', '2016-03-22 03:21:25', '5e62f099-364a-4d35-b42c-66da4b508fb6'),
 ('20', 'Entry', '1', '0', '2016-03-22 03:33:08', '2016-03-22 03:33:08', 'b9cee426-13f4-478c-8cee-6779328ce81e'),
 ('21', 'Entry', '1', '0', '2016-03-22 03:36:20', '2016-03-22 03:36:20', '9e3b24a1-6799-4a86-a5ec-a859664b6e82'),
 ('22', 'Entry', '1', '0', '2016-03-22 03:36:29', '2016-03-22 03:36:29', '544269cf-23a0-4d3a-9fd5-eed6c5db0ac9'),
 ('23', 'Entry', '1', '0', '2016-03-22 03:36:49', '2016-03-22 03:36:49', '9aeb9379-9c28-4149-9eb3-1d83a14e8ac6'),
 ('24', 'Entry', '1', '0', '2016-03-22 03:37:03', '2016-03-22 03:37:03', 'ebeae589-a9dc-49ed-a3ef-d4dd79a6e63e'),
 ('25', 'Entry', '1', '0', '2016-03-22 03:37:16', '2016-03-22 03:37:16', '6b29afee-1428-4551-a2ed-1b1d09c0810b'),
 ('26', 'Entry', '1', '0', '2016-03-22 03:37:29', '2016-03-22 03:37:29', '9c039a0e-defe-4ac2-9eb5-f90ebfc67399'),
 ('27', 'Entry', '1', '0', '2016-03-22 03:40:56', '2016-03-22 03:40:56', '60fc31fe-e830-4f41-b87e-7dc5332a4110'),
 ('28', 'Entry', '1', '0', '2016-03-22 03:41:24', '2016-03-22 03:41:24', 'e0fe5c3d-4321-421c-b5b2-23dd17c39765'),
 ('29', 'Entry', '1', '0', '2016-03-22 03:42:16', '2016-03-22 03:42:16', '72f63778-b5ac-4efa-b546-af47411392a3'),
 ('30', 'Entry', '1', '0', '2016-03-22 03:42:30', '2016-03-22 03:42:30', 'cf3c8573-e7e6-418a-83b9-697ae212e020'),
 ('31', 'Entry', '1', '0', '2016-03-22 03:42:43', '2016-03-22 03:42:43', '5f8dd4a9-6db0-4257-aef6-f860eda18854'),
 ('32', 'Entry', '1', '0', '2016-03-22 03:43:02', '2016-03-22 03:43:02', '75a62f48-c45a-485f-bdf6-9fa4e2b552cb'),
 ('33', 'Entry', '1', '0', '2016-03-22 03:43:14', '2016-03-22 03:43:14', 'a5e176be-cfe0-4887-92f3-93c454bed5fd'),
 ('34', 'Entry', '1', '0', '2016-03-22 03:43:33', '2016-03-22 03:43:33', '7034c216-c6b2-43d8-a937-da44b770d9fe'),
 ('35', 'GlobalSet', '1', '0', '2016-03-22 03:57:25', '2016-03-22 04:23:25', '6f252751-9cbb-4e8c-9276-b3405752a000'),
 ('36', 'GlobalSet', '1', '0', '2016-03-22 04:04:28', '2016-03-22 04:07:17', '44af76a1-7fe3-45ff-8290-0bbe04fd0615'),
 ('37', 'MatrixBlock', '1', '0', '2016-03-22 04:06:32', '2016-03-22 04:23:25', 'f0e7b9eb-7f01-4111-9e9d-5c6459afbcbd'),
 ('38', 'MatrixBlock', '1', '0', '2016-03-22 04:06:33', '2016-03-22 04:23:25', '1908a99e-9c70-45db-a238-5c1a8d6b16ae'),
 ('39', 'MatrixBlock', '1', '0', '2016-03-22 04:06:33', '2016-03-22 04:23:25', 'f41d1c6b-0b00-4f6d-b95a-e4619239f6e0'),
 ('40', 'MatrixBlock', '1', '0', '2016-03-22 04:06:33', '2016-03-22 04:23:25', '5f1df21e-7553-4b09-ac63-69b8cfa653aa'),
 ('41', 'Entry', '1', '0', '2016-03-22 17:49:27', '2016-03-22 17:49:27', '50ce3090-b358-4ce1-854e-8503ad0bc1a2'),
 ('42', 'Entry', '1', '0', '2016-03-22 17:49:58', '2016-03-22 17:57:15', '2bdab413-0b0c-4f72-a4d6-4e5e454b1e53'),
 ('43', 'Entry', '1', '0', '2016-03-22 17:50:16', '2016-03-22 17:50:16', '87b586e5-af0b-4024-95e0-ec3ffa898c17'),
 ('44', 'GlobalSet', '1', '0', '2016-03-22 18:11:21', '2016-03-22 18:16:30', '4a3cc45f-47af-4a01-9cf8-6b7fed2e38f5'),
 ('45', 'MatrixBlock', '1', '0', '2016-03-22 18:16:20', '2016-03-22 18:16:30', '1b791922-4c94-4ffc-9d10-dadc376008a3'),
 ('46', 'MatrixBlock', '1', '0', '2016-03-22 18:16:20', '2016-03-22 18:16:30', '2f9d7b9c-ca49-4522-bbb6-fa3dbd82a566'),
 ('47', 'MatrixBlock', '1', '0', '2016-03-22 18:16:20', '2016-03-22 18:16:30', '12425366-9aa4-4156-8314-5ac6d0b8d100'),
 ('48', 'MatrixBlock', '1', '0', '2016-03-22 18:16:30', '2016-03-22 18:16:30', '1a637c5b-f6ec-46d0-9358-aa46fb8996cb'),
 ('49', 'Entry', '1', '0', '2016-03-23 20:39:11', '2016-03-23 20:59:07', 'bc36ff76-985c-42d1-8772-e75c083d4291'),
 ('50', 'Asset', '1', '0', '2016-03-23 20:50:58', '2016-03-23 20:50:58', '46ada48e-1359-452c-aa61-38531e6cb345'),
 ('51', 'Asset', '1', '0', '2016-03-23 20:51:56', '2016-03-23 20:51:56', '8e0f90c9-a780-4101-82d8-a26381b5b0bc'),
 ('52', 'Asset', '1', '0', '2016-03-23 20:53:20', '2016-03-23 20:53:20', 'bc7b68c8-2228-4ebb-81d3-31c99615016c'),
 ('53', 'Asset', '1', '0', '2016-03-23 21:01:53', '2016-03-23 21:01:53', '452d40e4-0544-4656-b0f2-76718844fa8c'),
 ('54', 'Entry', '1', '0', '2016-03-23 21:02:37', '2016-03-23 21:02:37', '07f1f69b-c3a4-4818-be82-3b0a426b5442');



DROP TABLE IF EXISTS `craft_elements_i18n`;


--
-- Schema for table `craft_elements_i18n`
--
CREATE TABLE `craft_elements_i18n` (
  `id` int(11) NOT NULL AUTO_INCREMENT,
  `elementId` int(11) NOT NULL,
  `locale` char(12) COLLATE utf8_unicode_ci NOT NULL,
  `slug` varchar(255) COLLATE utf8_unicode_ci DEFAULT NULL,
  `uri` varchar(255) COLLATE utf8_unicode_ci DEFAULT NULL,
  `enabled` tinyint(1) unsigned NOT NULL DEFAULT '1',
  `dateCreated` datetime NOT NULL,
  `dateUpdated` datetime NOT NULL,
  `uid` char(36) COLLATE utf8_unicode_ci NOT NULL DEFAULT '0',
  PRIMARY KEY (`id`),
  UNIQUE KEY `craft_elements_i18n_elementId_locale_unq_idx` (`elementId`,`locale`),
  UNIQUE KEY `craft_elements_i18n_uri_locale_unq_idx` (`uri`,`locale`),
  KEY `craft_elements_i18n_slug_locale_idx` (`slug`,`locale`),
  KEY `craft_elements_i18n_enabled_idx` (`enabled`),
  KEY `craft_elements_i18n_locale_fk` (`locale`)
) ENGINE=InnoDB AUTO_INCREMENT=55 DEFAULT CHARSET=utf8 COLLATE=utf8_unicode_ci;

--
-- Data for table `craft_elements_i18n`
--

INSERT INTO `craft_elements_i18n` (`id`, `elementId`, `locale`, `slug`, `uri`, `enabled`, `dateCreated`, `dateUpdated`, `uid`) VALUES
 ('1', '1', 'en_us', '', NULL, '1', '2016-03-16 02:57:44', '2016-03-19 01:28:57', 'd02efb1b-29e1-4272-a825-f8e481f9ba3a'),
 ('4', '4', 'en_us', 'volume-28', 'volumes/volume-28', '1', '2016-03-18 21:59:08', '2016-03-19 02:18:50', 'd63feb90-02c6-4cd4-affa-b164ade78521'),
 ('5', '5', 'en_us', 'volume-27', 'volumes/volume-27', '1', '2016-03-18 22:13:26', '2016-03-19 02:22:37', 'e95dafcd-fdbe-466b-b0ad-fa43a488eb63'),
 ('6', '6', 'en_us', '', NULL, '1', '2016-03-19 02:18:45', '2016-03-19 02:18:50', '3c8177ee-e5d6-4464-837f-1f37829fee79'),
 ('7', '7', 'en_us', '', NULL, '1', '2016-03-19 02:18:45', '2016-03-19 02:18:50', '5c279560-3718-4a09-be24-6e8cba1f239b'),
 ('8', '8', 'en_us', '', NULL, '1', '2016-03-19 02:22:37', '2016-03-19 02:22:37', '65d903ab-8c42-447b-b491-3a2a6e4a503a'),
 ('9', '9', 'en_us', '', NULL, '1', '2016-03-19 02:22:37', '2016-03-19 02:22:37', '4621f407-63f3-41e9-b6d6-b88cc828f215'),
 ('10', '10', 'en_us', 'volume-26', 'volumes/volume-26', '1', '2016-03-19 02:23:57', '2016-03-19 02:24:55', 'daa533fd-f2c0-4f3a-93fd-0e22cf67ff3f'),
 ('11', '11', 'en_us', '', NULL, '1', '2016-03-19 02:23:57', '2016-03-19 02:24:55', 'e5e09917-40f4-4224-ba76-340df503a7af'),
 ('12', '12', 'en_us', 'homepage', '__home__', '1', '2016-03-19 17:54:18', '2016-03-22 17:56:51', 'f5ef084b-9789-4085-943c-6e4a2543b7b4'),
 ('13', '13', 'en_us', '28-harv-jltech349', NULL, '1', '2016-03-19 18:36:46', '2016-03-19 18:36:46', 'a9b59bc3-08b1-459f-b701-ff607ffe0775'),
 ('14', '14', 'en_us', 'digest-notes', 'digest-categories/digest-notes', '1', '2016-03-22 02:17:48', '2016-03-22 02:18:49', '4bbc8624-1125-41a2-a317-f3873a6fd8c0'),
 ('15', '15', 'en_us', 'patent', 'digest-categories/patent', '1', '2016-03-22 02:18:14', '2016-03-22 02:18:14', 'a21c5640-5845-492f-84ac-1d37df42c830'),
 ('16', '16', 'en_us', 'copyright', 'digest-categories/copyright', '1', '2016-03-22 02:18:30', '2016-03-22 02:18:30', '2e2f3a70-8b07-4ef3-8646-caf5b4cb14e2'),
 ('17', '17', 'en_us', 'internet', 'digest-categories/internet', '1', '2016-03-22 02:18:36', '2016-03-22 02:18:37', '20857e60-e76f-41a7-80b0-f7f94f6ec3a7'),
 ('18', '18', 'en_us', '1-how-to-get-involved-with-jolt', 'wiki/1-how-to-get-involved-with-jolt', '1', '2016-03-22 03:21:02', '2016-03-22 03:41:30', 'a153785b-bdaa-4e32-989f-f71bf3479604'),
 ('19', '19', 'en_us', 'article-editor', 'wiki/1-how-to-get-involved-with-jolt/article-editor', '1', '2016-03-22 03:21:25', '2016-03-22 03:41:30', '5ad98282-1978-4213-acee-bff417512df6'),
 ('20', '20', 'en_us', 'digest-sign-ups', 'wiki/1-how-to-get-involved-with-jolt/digest-sign-ups', '1', '2016-03-22 03:33:08', '2016-03-22 03:33:09', 'c543422b-d3d1-4487-b5c5-1bd85b388b89'),
 ('21', '21', 'en_us', 'line-editor', 'wiki/1-how-to-get-involved-with-jolt/line-editor', '1', '2016-03-22 03:36:20', '2016-03-22 03:36:20', '69c332e7-ecdc-4380-8d26-37c0e0d885a1'),
 ('22', '22', 'en_us', 'overview-of-jolt-positions', 'wiki/1-how-to-get-involved-with-jolt/overview-of-jolt-positions', '1', '2016-03-22 03:36:29', '2016-03-22 03:36:34', 'e56c813b-78a9-485b-b876-3b427a4a420c'),
 ('23', '23', 'en_us', 'production-editor-1l', 'wiki/1-how-to-get-involved-with-jolt/production-editor-1l', '1', '2016-03-22 03:36:49', '2016-03-22 03:36:50', 'a2f4a736-c8eb-4591-8a46-865e3d1609eb'),
 ('24', '24', 'en_us', 'student-writing', 'wiki/1-how-to-get-involved-with-jolt/student-writing', '1', '2016-03-22 03:37:04', '2016-03-22 03:37:04', '04949621-a433-4aa2-9c5d-99f16d0a10ef'),
 ('25', '25', 'en_us', 'author-eligibility-for-student-notes', 'wiki/1-how-to-get-involved-with-jolt/student-writing/author-eligibility-for-student-notes', '1', '2016-03-22 03:37:16', '2016-03-22 03:37:16', 'd63a43f1-027d-4792-8837-881e0ef89e9f'),
 ('26', '26', 'en_us', 'subciter', 'wiki/1-how-to-get-involved-with-jolt/subciter', '1', '2016-03-22 03:37:29', '2016-03-22 03:37:30', '0f224a20-1e6f-4a80-9ec3-11c816782c05'),
 ('27', '27', 'en_us', 'technology-editor', 'wiki/1-how-to-get-involved-with-jolt/technology-editor', '1', '2016-03-22 03:40:57', '2016-03-22 03:40:57', 'e8b0d213-063d-43b2-ae08-e6a0146d97d8'),
 ('28', '28', 'en_us', 'advising', 'wiki/advising', '1', '2016-03-22 03:41:24', '2016-03-22 03:41:25', '352850d9-a751-4776-ad87-f6340b249064'),
 ('29', '29', 'en_us', 'big-sib-program', 'wiki/advising/big-sib-program', '1', '2016-03-22 03:42:16', '2016-03-22 03:42:17', 'dfec803e-face-440c-8244-d3a3d98e5086'),
 ('30', '30', 'en_us', 'clerkship-advice', 'wiki/advising/clerkship-advice', '1', '2016-03-22 03:42:30', '2016-03-22 03:42:30', 'ed1b5b63-5928-4ee1-8c1c-9c10627ec367'),
 ('31', '31', 'en_us', 'course-advice', 'wiki/advising/course-advice', '1', '2016-03-22 03:42:43', '2016-03-22 03:42:44', '893cf7e8-c2aa-4c43-9c8e-e9999d359e44'),
 ('32', '32', 'en_us', '1l-international-law-electives', 'wiki/advising/course-advice/1l-international-law-electives', '1', '2016-03-22 03:43:02', '2016-03-22 03:43:03', '86605180-1b9b-48d8-bdf0-ebeb1f5b684b'),
 ('33', '33', 'en_us', 'advanced-ip', 'wiki/advising/course-advice/advanced-ip', '1', '2016-03-22 03:43:15', '2016-03-22 03:43:15', '28ae919e-70d0-485a-a726-14e56dc3d805'),
 ('34', '34', 'en_us', 'bankruptcy', 'wiki/advising/course-advice/bankruptcy', '1', '2016-03-22 03:43:33', '2016-03-22 03:43:33', '6427520b-c0c5-453b-8c38-18dfd0a56f42'),
 ('35', '35', 'en_us', '', NULL, '1', '2016-03-22 03:57:25', '2016-03-22 04:23:25', '5ea69985-b74d-42d7-a0d2-723e222def90'),
 ('36', '36', 'en_us', '', NULL, '1', '2016-03-22 04:04:28', '2016-03-22 04:07:17', '9533be46-b77c-46b4-9a57-becddac06df2'),
 ('37', '37', 'en_us', '', NULL, '1', '2016-03-22 04:06:32', '2016-03-22 04:23:25', 'f4cd30b2-ed32-4d5d-8435-ed3f7911db10'),
 ('38', '38', 'en_us', '', NULL, '1', '2016-03-22 04:06:33', '2016-03-22 04:23:25', '49567c99-ceae-467c-a090-515d7830e2d5'),
 ('39', '39', 'en_us', '', NULL, '1', '2016-03-22 04:06:33', '2016-03-22 04:23:25', '3f69a913-1df7-43ef-b72c-4f43eff00043'),
 ('40', '40', 'en_us', '', NULL, '1', '2016-03-22 04:06:33', '2016-03-22 04:23:25', '36230078-5695-4e6c-bf6f-b6a7ee050434'),
 ('41', '41', 'en_us', 'jolt-digest-index', 'jolt-digest', '1', '2016-03-22 17:49:27', '2016-03-22 17:49:27', 'e74a3c3e-7206-41e9-afd7-24dda1e0ddda'),
 ('42', '42', 'en_us', 'internal-wiki-index', 'wiki', '1', '2016-03-22 17:49:58', '2016-03-22 17:57:15', '018729d9-824c-4c92-80bd-6bb4f4db1899'),
 ('43', '43', 'en_us', 'volumes-index', 'volumes', '1', '2016-03-22 17:50:16', '2016-03-22 17:50:16', 'dc15c7be-d8b2-4a11-95a3-9289fb85b78d'),
 ('44', '44', 'en_us', '', NULL, '1', '2016-03-22 18:11:21', '2016-03-22 18:16:30', '2dad2450-827f-462e-8d26-299a8c91d9ed'),
 ('45', '45', 'en_us', '', NULL, '1', '2016-03-22 18:16:20', '2016-03-22 18:16:30', '7f986556-8fbf-4f7a-97c6-3a233a6fe3e1'),
 ('46', '46', 'en_us', '', NULL, '1', '2016-03-22 18:16:20', '2016-03-22 18:16:30', 'fba8ae73-1c36-459b-9402-4cf1307f95c7'),
 ('47', '47', 'en_us', '', NULL, '1', '2016-03-22 18:16:20', '2016-03-22 18:16:30', 'c68b40ca-7083-462a-ad09-8551d64a9948'),
 ('48', '48', 'en_us', '', NULL, '1', '2016-03-22 18:16:30', '2016-03-22 18:16:30', '2805e659-300e-41b1-9140-33b7a7f59779'),
 ('49', '49', 'en_us', 'federal-circuit-grants-privilege-to-communications-with-non-attorney-patent-agents', 'jolt-digest/federal-circuit-grants-privilege-to-communications-with-non-attorney-patent-agents', '1', '2016-03-23 20:39:12', '2016-03-23 20:59:08', '4f1bac00-6212-4fd1-946e-06c5918823c8'),
 ('50', '50', 'en_us', 'kitten', NULL, '1', '2016-03-23 20:50:58', '2016-03-23 20:50:58', '29b05760-69fa-4e7c-a4be-7ab2c574b34b'),
 ('51', '51', 'en_us', 'kitten', NULL, '1', '2016-03-23 20:51:57', '2016-03-23 20:51:57', 'e7d28b76-5943-4dc8-b32d-eb6809c330ac'),
 ('52', '52', 'en_us', 'kitten', NULL, '1', '2016-03-23 20:53:20', '2016-03-23 20:53:20', '068fd6d7-7fc6-4de5-acec-f98cec406f11'),
 ('53', '53', 'en_us', 'paul-rand', NULL, '1', '2016-03-23 21:01:53', '2016-03-23 21:01:53', 'a50837c5-08ce-40b0-aa74-aead0c9824a1'),
 ('54', '54', 'en_us', 'flash-digest-news-in-brief', 'jolt-digest/flash-digest-news-in-brief', '1', '2016-03-23 21:02:37', '2016-03-23 21:02:37', 'b6726bc3-07fc-41e4-bd54-f19893de4149');



DROP TABLE IF EXISTS `craft_emailmessages`;


--
-- Schema for table `craft_emailmessages`
--
CREATE TABLE `craft_emailmessages` (
  `id` int(11) NOT NULL AUTO_INCREMENT,
  `key` char(150) COLLATE utf8_unicode_ci NOT NULL,
  `locale` char(12) COLLATE utf8_unicode_ci NOT NULL,
  `subject` varchar(1000) COLLATE utf8_unicode_ci NOT NULL,
  `body` text COLLATE utf8_unicode_ci NOT NULL,
  `dateCreated` datetime NOT NULL,
  `dateUpdated` datetime NOT NULL,
  `uid` char(36) COLLATE utf8_unicode_ci NOT NULL DEFAULT '0',
  PRIMARY KEY (`id`),
  UNIQUE KEY `craft_emailmessages_key_locale_unq_idx` (`key`,`locale`),
  KEY `craft_emailmessages_locale_fk` (`locale`)
) ENGINE=InnoDB DEFAULT CHARSET=utf8 COLLATE=utf8_unicode_ci;

DROP TABLE IF EXISTS `craft_entries`;


--
-- Schema for table `craft_entries`
--
CREATE TABLE `craft_entries` (
  `id` int(11) NOT NULL,
  `sectionId` int(11) NOT NULL,
  `typeId` int(11) DEFAULT NULL,
  `authorId` int(11) DEFAULT NULL,
  `postDate` datetime DEFAULT NULL,
  `expiryDate` datetime DEFAULT NULL,
  `dateCreated` datetime NOT NULL,
  `dateUpdated` datetime NOT NULL,
  `uid` char(36) COLLATE utf8_unicode_ci NOT NULL DEFAULT '0',
  PRIMARY KEY (`id`),
  KEY `craft_entries_sectionId_idx` (`sectionId`),
  KEY `craft_entries_typeId_idx` (`typeId`),
  KEY `craft_entries_postDate_idx` (`postDate`),
  KEY `craft_entries_expiryDate_idx` (`expiryDate`),
  KEY `craft_entries_authorId_fk` (`authorId`)
) ENGINE=InnoDB DEFAULT CHARSET=utf8 COLLATE=utf8_unicode_ci;

--
-- Data for table `craft_entries`
--

INSERT INTO `craft_entries` (`id`, `sectionId`, `typeId`, `authorId`, `postDate`, `expiryDate`, `dateCreated`, `dateUpdated`, `uid`) VALUES
 ('4', '2', '2', '1', '2016-03-18 21:59:00', NULL, '2016-03-18 21:59:08', '2016-03-19 02:18:50', '1bf4460e-ee2c-4082-8e45-118fd898f3fd'),
 ('5', '2', '2', '1', '2015-01-12 22:13:00', NULL, '2016-03-18 22:13:26', '2016-03-19 02:22:37', 'f7652965-a5aa-4148-9829-03ee3aaf7172'),
 ('10', '2', '2', '1', '2012-03-19 02:23:00', NULL, '2016-03-19 02:23:57', '2016-03-19 02:24:55', 'f76fa697-6fbb-4e75-8a39-162f66fdd092'),
 ('12', '3', NULL, NULL, '2016-03-19 17:54:18', NULL, '2016-03-19 17:54:18', '2016-03-22 17:56:51', 'a9bdc5ff-2807-4342-a013-3c86b95300f7'),
 ('18', '5', '5', '1', '2016-03-22 03:21:00', NULL, '2016-03-22 03:21:02', '2016-03-22 03:41:30', 'eb4b8c15-107a-41a7-a4be-2e90cefc812c'),
 ('19', '5', '5', '1', '2016-03-22 03:21:25', NULL, '2016-03-22 03:21:25', '2016-03-22 03:21:25', 'acfa3b05-6e58-4458-8056-a901f9370273'),
 ('20', '5', '5', '1', '2016-03-22 03:33:08', NULL, '2016-03-22 03:33:08', '2016-03-22 03:33:08', '312b6cde-30a6-4500-ab5e-2fb003300ad0'),
 ('21', '5', '5', '1', '2016-03-22 03:36:20', NULL, '2016-03-22 03:36:20', '2016-03-22 03:36:20', '6480cb63-28ad-411a-afaa-bfe5c16db7da'),
 ('22', '5', '5', '1', '2016-03-22 03:36:29', NULL, '2016-03-22 03:36:29', '2016-03-22 03:36:29', '02625553-5c5c-4370-8d08-f647ab14d046'),
 ('23', '5', '5', '1', '2016-03-22 03:36:49', NULL, '2016-03-22 03:36:49', '2016-03-22 03:36:49', '2d15e3e5-4108-42c7-9d7e-eac45cea02a8'),
 ('24', '5', '5', '1', '2016-03-22 03:37:03', NULL, '2016-03-22 03:37:04', '2016-03-22 03:37:04', '63f8a7f1-ee91-4718-8bea-4633b3dda7d1'),
 ('25', '5', '5', '1', '2016-03-22 03:37:16', NULL, '2016-03-22 03:37:16', '2016-03-22 03:37:16', '71ed19b9-c43a-4c93-82f5-7da0e190340b'),
 ('26', '5', '5', '1', '2016-03-22 03:37:29', NULL, '2016-03-22 03:37:29', '2016-03-22 03:37:29', '8bc6064e-ade9-4557-81ea-5b8a550623d9'),
 ('27', '5', '5', '1', '2016-03-22 03:40:56', NULL, '2016-03-22 03:40:57', '2016-03-22 03:40:57', '4ab734d4-3adf-45f7-954a-ed9600e591d2'),
 ('28', '5', '5', '1', '2016-03-22 03:41:24', NULL, '2016-03-22 03:41:24', '2016-03-22 03:41:24', '7eea4b93-c896-45cf-81e1-a54a121354c1'),
 ('29', '5', '5', '1', '2016-03-22 03:42:16', NULL, '2016-03-22 03:42:16', '2016-03-22 03:42:16', 'fd846960-f87e-4216-8206-3e3f11cf50b2'),
 ('30', '5', '5', '1', '2016-03-22 03:42:30', NULL, '2016-03-22 03:42:30', '2016-03-22 03:42:30', 'bd308647-09ae-4fc1-b66f-7fe7bc4f4e5c'),
 ('31', '5', '5', '1', '2016-03-22 03:42:43', NULL, '2016-03-22 03:42:44', '2016-03-22 03:42:44', '1ecdd2b1-350e-48a5-89a9-47f2e6f3bb0b'),
 ('32', '5', '5', '1', '2016-03-22 03:43:02', NULL, '2016-03-22 03:43:02', '2016-03-22 03:43:02', '39cfb838-25b4-4c3d-8e8e-34b73627465f'),
 ('33', '5', '5', '1', '2016-03-22 03:43:14', NULL, '2016-03-22 03:43:15', '2016-03-22 03:43:15', 'e38970f2-b160-49be-a026-1196e33a50a4'),
 ('34', '5', '5', '1', '2016-03-22 03:43:33', NULL, '2016-03-22 03:43:33', '2016-03-22 03:43:33', '1d2e8069-5a02-46ad-8f4f-77c1d0557415'),
 ('41', '6', NULL, NULL, '2016-03-22 17:49:27', NULL, '2016-03-22 17:49:27', '2016-03-22 17:49:27', 'a8f86e3b-2600-4d31-94ff-f1783849de34'),
 ('42', '7', '7', NULL, '2016-03-22 17:57:14', NULL, '2016-03-22 17:49:58', '2016-03-22 17:57:14', '41eb4664-b470-4ab7-aa1f-af4ba69c31b4'),
 ('43', '8', NULL, NULL, '2016-03-22 17:50:16', NULL, '2016-03-22 17:50:16', '2016-03-22 17:50:16', '24efafa5-ed34-48cd-886c-cdb72193ed8c'),
 ('49', '4', '4', '1', '2016-03-23 20:39:00', NULL, '2016-03-23 20:39:12', '2016-03-23 20:59:08', '0515c9e9-a3e5-46a4-8bc4-d69c1eff3f4f'),
 ('54', '4', '4', '1', '2016-03-23 21:02:37', NULL, '2016-03-23 21:02:37', '2016-03-23 21:02:37', '1cdff3a1-d839-4570-ba87-0209bf2f6b6c');



DROP TABLE IF EXISTS `craft_entrydrafts`;


--
-- Schema for table `craft_entrydrafts`
--
CREATE TABLE `craft_entrydrafts` (
  `id` int(11) NOT NULL AUTO_INCREMENT,
  `entryId` int(11) NOT NULL,
  `sectionId` int(11) NOT NULL,
  `creatorId` int(11) NOT NULL,
  `locale` char(12) COLLATE utf8_unicode_ci NOT NULL,
  `name` varchar(255) COLLATE utf8_unicode_ci NOT NULL,
  `notes` tinytext COLLATE utf8_unicode_ci,
  `data` mediumtext COLLATE utf8_unicode_ci NOT NULL,
  `dateCreated` datetime NOT NULL,
  `dateUpdated` datetime NOT NULL,
  `uid` char(36) COLLATE utf8_unicode_ci NOT NULL DEFAULT '0',
  PRIMARY KEY (`id`),
  KEY `craft_entrydrafts_entryId_locale_idx` (`entryId`,`locale`),
  KEY `craft_entrydrafts_sectionId_fk` (`sectionId`),
  KEY `craft_entrydrafts_creatorId_fk` (`creatorId`),
  KEY `craft_entrydrafts_locale_fk` (`locale`)
) ENGINE=InnoDB DEFAULT CHARSET=utf8 COLLATE=utf8_unicode_ci;

DROP TABLE IF EXISTS `craft_entrytypes`;


--
-- Schema for table `craft_entrytypes`
--
CREATE TABLE `craft_entrytypes` (
  `id` int(11) NOT NULL AUTO_INCREMENT,
  `sectionId` int(11) NOT NULL,
  `fieldLayoutId` int(11) DEFAULT NULL,
  `name` varchar(255) COLLATE utf8_unicode_ci NOT NULL,
  `handle` varchar(255) COLLATE utf8_unicode_ci NOT NULL,
  `hasTitleField` tinyint(1) unsigned NOT NULL DEFAULT '1',
  `titleLabel` varchar(255) COLLATE utf8_unicode_ci DEFAULT 'Title',
  `titleFormat` varchar(255) COLLATE utf8_unicode_ci DEFAULT NULL,
  `sortOrder` smallint(6) unsigned DEFAULT NULL,
  `dateCreated` datetime NOT NULL,
  `dateUpdated` datetime NOT NULL,
  `uid` char(36) COLLATE utf8_unicode_ci NOT NULL DEFAULT '0',
  PRIMARY KEY (`id`),
  UNIQUE KEY `craft_entrytypes_name_sectionId_unq_idx` (`name`,`sectionId`),
  UNIQUE KEY `craft_entrytypes_handle_sectionId_unq_idx` (`handle`,`sectionId`),
  KEY `craft_entrytypes_sectionId_fk` (`sectionId`),
  KEY `craft_entrytypes_fieldLayoutId_fk` (`fieldLayoutId`)
) ENGINE=InnoDB AUTO_INCREMENT=9 DEFAULT CHARSET=utf8 COLLATE=utf8_unicode_ci;

--
-- Data for table `craft_entrytypes`
--

INSERT INTO `craft_entrytypes` (`id`, `sectionId`, `fieldLayoutId`, `name`, `handle`, `hasTitleField`, `titleLabel`, `titleFormat`, `sortOrder`, `dateCreated`, `dateUpdated`, `uid`) VALUES
 ('2', '2', '19', 'Issue', 'issue', '1', 'Title', NULL, NULL, '2016-03-16 02:57:48', '2016-03-19 02:17:25', 'ade6bbf0-d066-4821-9433-c501ca812a5a'),
 ('3', '3', '43', 'Homepage', 'homepage', '0', NULL, 'Featured Article', NULL, '2016-03-19 17:54:18', '2016-03-22 17:56:39', '0c64b0fc-c5a5-43c0-a803-e1eaa9f8035f'),
 ('4', '4', '50', 'JOLT Digest', 'digest', '1', 'Title', NULL, NULL, '2016-03-19 20:04:22', '2016-03-23 20:58:42', '7e6bbf40-71a2-48af-9094-3b477a085c8d'),
 ('5', '5', '29', 'Internal Wiki', 'wiki', '1', 'Title', NULL, NULL, '2016-03-22 02:21:02', '2016-03-22 02:21:02', '995f12e6-978a-4e2e-b4de-aabb035feed4'),
 ('6', '6', '38', 'JOLT Digest Index', 'joltDigestIndex', '0', NULL, '{section.name|raw}', NULL, '2016-03-22 17:49:27', '2016-03-22 17:49:27', '83fa57fd-38b3-4e2c-a7fa-3a3f4cd40503'),
 ('7', '7', '39', 'Internal Wiki Index', 'internalWikiIndex', '0', NULL, '{section.name|raw}', NULL, '2016-03-22 17:49:58', '2016-03-22 17:49:58', '8c2461f7-9c60-4121-8c6f-377ce7967dcc'),
 ('8', '8', '41', 'Volumes Index', 'volumesIndex', '1', 'Title', NULL, NULL, '2016-03-22 17:50:15', '2016-03-22 17:54:34', '1fe0b459-0b57-4ed6-990b-e506fd9163a1');



DROP TABLE IF EXISTS `craft_entryversions`;


--
-- Schema for table `craft_entryversions`
--
CREATE TABLE `craft_entryversions` (
  `id` int(11) NOT NULL AUTO_INCREMENT,
  `entryId` int(11) NOT NULL,
  `sectionId` int(11) NOT NULL,
  `creatorId` int(11) DEFAULT NULL,
  `locale` char(12) COLLATE utf8_unicode_ci NOT NULL,
  `num` smallint(6) unsigned NOT NULL,
  `notes` tinytext COLLATE utf8_unicode_ci,
  `data` mediumtext COLLATE utf8_unicode_ci NOT NULL,
  `dateCreated` datetime NOT NULL,
  `dateUpdated` datetime NOT NULL,
  `uid` char(36) COLLATE utf8_unicode_ci NOT NULL DEFAULT '0',
  PRIMARY KEY (`id`),
  KEY `craft_entryversions_entryId_locale_idx` (`entryId`,`locale`),
  KEY `craft_entryversions_sectionId_fk` (`sectionId`),
  KEY `craft_entryversions_creatorId_fk` (`creatorId`),
  KEY `craft_entryversions_locale_fk` (`locale`)
) ENGINE=InnoDB AUTO_INCREMENT=53 DEFAULT CHARSET=utf8 COLLATE=utf8_unicode_ci;

--
-- Data for table `craft_entryversions`
--

INSERT INTO `craft_entryversions` (`id`, `entryId`, `sectionId`, `creatorId`, `locale`, `num`, `notes`, `data`, `dateCreated`, `dateUpdated`, `uid`) VALUES
 ('4', '4', '2', '1', 'en_us', '1', '', '{\"typeId\":null,\"authorId\":\"1\",\"title\":\"Volume 28\",\"slug\":\"volume-28\",\"postDate\":1458338348,\"expiryDate\":null,\"enabled\":1,\"parentId\":null,\"fields\":{\"1\":\"<h2>Volume 28, Number 1: Fall 2014<\\/h2>\\r\\n\\r\\n<ul><li><a href=\\\"http:\\/\\/jolt.law.harvard.edu\\/articles\\/pdf\\/v28\\/28HarvJLTechIntro.pdf\\\">Issue Table of Contents, Masthead, and Sponsors<\\/a><\\/li><\\/ul><h3>Articles<\\/h3>\\r\\n\\r\\n<ul><li><a href=\\\"http:\\/\\/jolt.law.harvard.edu\\/articles\\/pdf\\/v28\\/28HarvJLTech1.pdf\\\">Your Secret StingRay\'s No Secret Anymore: The Vanishing Government Monopoly over Cell Phone Surveillance and Its Impact on National Security and Consumer Privacy<\\/a>&nbsp;- Stephanie K. Pell & Christopher Soghoian<\\/li><li><a href=\\\"http:\\/\\/jolt.law.harvard.edu\\/articles\\/pdf\\/v28\\/28HarvJLTech77.pdf\\\">Improving Patent Quality with Applicant Incentives<\\/a>&nbsp;- Stephen Yelderman<\\/li><li><a href=\\\"http:\\/\\/jolt.law.harvard.edu\\/articles\\/pdf\\/v28\\/28HarvJLTech137.pdf\\\">Free-Riding, Cooperation, and \\\"Peaceful Revolutions\\\" in Copyright<\\/a>&nbsp;- Nicolas Suzor<\\/li><li><a href=\\\"http:\\/\\/jolt.law.harvard.edu\\/articles\\/pdf\\/v28\\/28HarvJLTech195.pdf\\\">The New Law of Ideas<\\/a>&nbsp;- Robert C. Denicola<\\/li><\\/ul><h3>Notes<\\/h3>\\r\\n\\r\\n<ul><li><a href=\\\"http:\\/\\/jolt.law.harvard.edu\\/articles\\/pdf\\/v28\\/28HarvJLTech237.pdf\\\">Microsoft the Botnet Hunter: The Role of Public-Private Partnerships in Mitigating Botnets<\\/a>&nbsp;- Zach Lerner<\\/li><li><a href=\\\"http:\\/\\/jolt.law.harvard.edu\\/articles\\/pdf\\/v28\\/28HarvJLTech263.pdf\\\">The End of Post-Sale Confusion: How Consumer 3D Printing Will Diminish the Function of Trademarks<\\/a>&nbsp;- James Grace<\\/li><li><a href=\\\"http:\\/\\/jolt.law.harvard.edu\\/articles\\/pdf\\/v28\\/28HarvJLTech289.pdf\\\">Intermediary Liability for Harmful Speech: Lessons from Abroad<\\/a>&nbsp;- Corey Omer<\\/li><li><a href=\\\"http:\\/\\/jolt.law.harvard.edu\\/articles\\/pdf\\/v28\\/28HarvJLTech325.pdf\\\">Three\'s a Crowd: Towards Contextual Integrity in Third-Party Data Sharing<\\/a>&nbsp;- Natalie Kim<\\/li><\\/ul><h2>Volume 28, Number 2: Spring 2015<\\/h2>\\r\\n\\r\\n<ul><li><a href=\\\"http:\\/\\/jolt.law.harvard.edu\\/articles\\/pdf\\/v28\\/28HarvJLTechIntro2.pdf\\\">Issue Table of Contents, Masthead, and Sponsors<\\/a><\\/li><\\/ul><h3>Articles<\\/h3>\\r\\n\\r\\n<ul><li><a href=\\\"http:\\/\\/jolt.law.harvard.edu\\/articles\\/pdf\\/v28\\/28HarvJLTech349.pdf\\\">Reconceptualizing the Right To Be Forgotten To Enable Transatlantic Data Flow<\\/a>&nbsp;- Michael L. Rustad & Sanna Kulevska<\\/li><li><a href=\\\"http:\\/\\/jolt.law.harvard.edu\\/articles\\/pdf\\/v28\\/28HarvJLTech419.pdf\\\">Black-Box Medicine<\\/a>&nbsp;- W. Nicholson Price II<\\/li><li><a href=\\\"http:\\/\\/jolt.law.harvard.edu\\/articles\\/pdf\\/v28\\/28HarvJLTech469.pdf\\\">Reforming Copyright Interpretation<\\/a>&nbsp;- Zahr K. Said<\\/li><\\/ul><h3>Notes<\\/h3>\\r\\n\\r\\n<ul><li><a href=\\\"http:\\/\\/jolt.law.harvard.edu\\/articles\\/pdf\\/v28\\/28HarvJLTech525.pdf\\\">The NSA Has Not Been Here: Warrant Canaries as Tools for Transparency in the Wake of the Snowden Disclosures<\\/a>&nbsp;- Naomi Gilens<\\/li><li><a href=\\\"http:\\/\\/jolt.law.harvard.edu\\/articles\\/pdf\\/v28\\/28HarvJLTech549.pdf\\\">Educational Privacy in the Online Classroom: FERPA, MOOCs, and the Big Data Conundrum<\\/a>&nbsp;- Elise Young<\\/li><li><a href=\\\"http:\\/\\/jolt.law.harvard.edu\\/articles\\/pdf\\/v28\\/28HarvJLTech593.pdf\\\">Homing In: Technology\'s Place in Fourth Amendment Jurisprudence<\\/a>&nbsp;- Emma Raviv<\\/li><\\/ul>\",\"2\":\"\"}}', '2016-03-18 21:59:08', '2016-03-18 21:59:08', 'cc123784-865e-4a8e-b701-5b1e6c0b88f6'),
 ('5', '5', '2', '1', 'en_us', '1', '', '{\"typeId\":null,\"authorId\":\"1\",\"title\":\"Volume 27\",\"slug\":\"volume-27\",\"postDate\":1458339206,\"expiryDate\":null,\"enabled\":1,\"parentId\":null,\"fields\":{\"1\":\"<h2>Volume 27, Number 1: Fall 2013<\\/h2>\\r\\n\\r\\n<ul><li><a href=\\\"http:\\/\\/jolt.law.harvard.edu\\/articles\\/pdf\\/v27\\/27HarvJLTechIntro.pdf\\\">Issue Table of Contents, Masthead, and Sponsors<\\/a><\\/li><\\/ul>\\r\\n\\r\\n<h3>Articles<\\/h3>\\r\\n\\r\\n<ul><li><a href=\\\"http:\\/\\/jolt.law.harvard.edu\\/articles\\/pdf\\/v27\\/27HarvJLTech1.pdf\\\">Reverse Payments, Perverse Incentives<\\/a>&nbsp;- Murat C. Mungan<\\/li><li><a href=\\\"http:\\/\\/jolt.law.harvard.edu\\/articles\\/pdf\\/v27\\/27HarvJLTech49.pdf\\\">Stronger than Kryptonite? Inalienable Profit-Sharing Schemes in Copyright Law<\\/a>&nbsp;- Guy A. Rub<\\/li><li><a href=\\\"http:\\/\\/jolt.law.harvard.edu\\/articles\\/pdf\\/v27\\/27HarvJLTech135.pdf\\\">Technological Cost as Law in Intellectual Property<\\/a>&nbsp;- Harry Surden<\\/li><li><a href=\\\"http:\\/\\/jolt.law.harvard.edu\\/articles\\/pdf\\/v27\\/27HarvJLTech203.pdf\\\">Copyright Lawmaking and Public Choice: From Legislative Battles to Private Ordering<\\/a>&nbsp;- Yafit Lev-Aretz<\\/li><\\/ul>\\r\\n\\r\\n<h3>Notes<\\/h3>\\r\\n\\r\\n<ul><li><a href=\\\"http:\\/\\/jolt.law.harvard.edu\\/articles\\/pdf\\/v27\\/27HarvJLTech257.pdf\\\">Standards for Determining When ISPs Have Fallen Out of Section 512(a)<\\/a>&nbsp;- Nathan Lovejoy<\\/li><li><a href=\\\"http:\\/\\/jolt.law.harvard.edu\\/articles\\/pdf\\/v27\\/27HarvJLTech279.pdf\\\">Science, Patent Law, and Epistemic Legitimacy: An Empirical Study of Technically Trained Federal Circuit Judges<\\/a>&nbsp;- Charlie Stiernberg<\\/li><li><a href=\\\"http:\\/\\/jolt.law.harvard.edu\\/articles\\/pdf\\/v27\\/27HarvJLTech301.pdf\\\">Hacktivism and the First Amendment: Drawing the Line Between Cyber Protests and Crime<\\/a>&nbsp;- Xiang Li<\\/li><li><a href=\\\"http:\\/\\/jolt.law.harvard.edu\\/articles\\/pdf\\/v27\\/27HarvJLTech331.pdf\\\">Mediating with Non-Practicing Entities<\\/a>&nbsp;- Laura Fishwick<\\/li><\\/ul>\\r\\n\\r\\n<h2>Volume 27, Number 2: Spring 2014<\\/h2>\\r\\n\\r\\n<ul><li><a href=\\\"http:\\/\\/jolt.law.harvard.edu\\/articles\\/pdf\\/v27\\/27HarvJLTechIntro2.pdf\\\">Issue Table of Contents, Masthead, and Sponsors<\\/a><\\/li><\\/ul>\\r\\n\\r\\n<h3>Articles<\\/h3>\\r\\n\\r\\n<ul><li><a href=\\\"http:\\/\\/jolt.law.harvard.edu\\/articles\\/pdf\\/v27\\/27HarvJLTech349.pdf\\\">University(TM): Trademark Rights Accretion in Higher Education<\\/a>&nbsp;- Jacob H. Rooksby<\\/li><li><a href=\\\"http:\\/\\/jolt.law.harvard.edu\\/articles\\/pdf\\/v27\\/27HarvJLTech421.pdf\\\">Power and Governance in Patent Pools<\\/a>&nbsp;- Michael Mattioli<\\/li><li><a href=\\\"http:\\/\\/jolt.law.harvard.edu\\/articles\\/pdf\\/v27\\/27HarvJLTech467.pdf\\\">Copyright Extremophiles: Do Creative Industries Thrive or Just Survive in China\'s High-Piracy Environment?<\\/a>&nbsp;- Eric Priest<\\/li><\\/ul>\\r\\n\\r\\n<h3>Notes<\\/h3>\\r\\n\\r\\n<ul><li><a href=\\\"http:\\/\\/jolt.law.harvard.edu\\/articles\\/pdf\\/v27\\/27HarvJLTech543.pdf\\\">Constructed Languages and Copyright: A Brief History and Proposal for Divorce<\\/a>&nbsp;- Michael Adelman<\\/li><li><a href=\\\"http:\\/\\/jolt.law.harvard.edu\\/articles\\/pdf\\/v27\\/27HarvJLTech563.pdf\\\">Searches of Cell Phones Incident to Arrest: Overview of the Law as It Stands and a New Path Forward<\\/a>&nbsp;- Patrick Brown<\\/li><li><a href=\\\"http:\\/\\/jolt.law.harvard.edu\\/articles\\/pdf\\/v27\\/27HarvJLTech587.pdf\\\">Coining Bitcoin\'s \\\"Legal-Bits\\\": Examining the Regulatory Framework for Bitcoin and Virtual Currencies<\\/a>&nbsp;- Matthew Kien-Meng Ly<\\/li><\\/ul>\",\"2\":\"\"}}', '2016-03-18 22:13:26', '2016-03-18 22:13:26', '0826cb51-19f8-474b-bbc0-597d7b863129'),
 ('6', '5', '2', '1', 'en_us', '2', '', '{\"typeId\":\"2\",\"authorId\":\"1\",\"title\":\"Volume 27\",\"slug\":\"volume-27\",\"postDate\":1421100780,\"expiryDate\":null,\"enabled\":1,\"parentId\":null,\"fields\":{\"1\":\"<h2>Volume 27, Number 1: Fall 2013<\\/h2>\\r\\n\\r\\n<ul><li><a href=\\\"http:\\/\\/jolt.law.harvard.edu\\/articles\\/pdf\\/v27\\/27HarvJLTechIntro.pdf\\\">Issue Table of Contents, Masthead, and Sponsors<\\/a><\\/li><\\/ul>\\r\\n\\r\\n\\r\\n\\r\\n<h3>Articles<\\/h3>\\r\\n\\r\\n\\r\\n\\r\\n<ul><li><a href=\\\"http:\\/\\/jolt.law.harvard.edu\\/articles\\/pdf\\/v27\\/27HarvJLTech1.pdf\\\">Reverse Payments, Perverse Incentives<\\/a>&nbsp;- Murat C. Mungan<\\/li><li><a href=\\\"http:\\/\\/jolt.law.harvard.edu\\/articles\\/pdf\\/v27\\/27HarvJLTech49.pdf\\\">Stronger than Kryptonite? Inalienable Profit-Sharing Schemes in Copyright Law<\\/a>&nbsp;- Guy A. Rub<\\/li><li><a href=\\\"http:\\/\\/jolt.law.harvard.edu\\/articles\\/pdf\\/v27\\/27HarvJLTech135.pdf\\\">Technological Cost as Law in Intellectual Property<\\/a>&nbsp;- Harry Surden<\\/li><li><a href=\\\"http:\\/\\/jolt.law.harvard.edu\\/articles\\/pdf\\/v27\\/27HarvJLTech203.pdf\\\">Copyright Lawmaking and Public Choice: From Legislative Battles to Private Ordering<\\/a>&nbsp;- Yafit Lev-Aretz<\\/li><\\/ul>\\r\\n\\r\\n\\r\\n\\r\\n<h3>Notes<\\/h3>\\r\\n\\r\\n\\r\\n\\r\\n<ul><li><a href=\\\"http:\\/\\/jolt.law.harvard.edu\\/articles\\/pdf\\/v27\\/27HarvJLTech257.pdf\\\">Standards for Determining When ISPs Have Fallen Out of Section 512(a)<\\/a>&nbsp;- Nathan Lovejoy<\\/li><li><a href=\\\"http:\\/\\/jolt.law.harvard.edu\\/articles\\/pdf\\/v27\\/27HarvJLTech279.pdf\\\">Science, Patent Law, and Epistemic Legitimacy: An Empirical Study of Technically Trained Federal Circuit Judges<\\/a>&nbsp;- Charlie Stiernberg<\\/li><li><a href=\\\"http:\\/\\/jolt.law.harvard.edu\\/articles\\/pdf\\/v27\\/27HarvJLTech301.pdf\\\">Hacktivism and the First Amendment: Drawing the Line Between Cyber Protests and Crime<\\/a>&nbsp;- Xiang Li<\\/li><li><a href=\\\"http:\\/\\/jolt.law.harvard.edu\\/articles\\/pdf\\/v27\\/27HarvJLTech331.pdf\\\">Mediating with Non-Practicing Entities<\\/a>&nbsp;- Laura Fishwick<\\/li><\\/ul>\\r\\n\\r\\n\\r\\n\\r\\n<h2>Volume 27, Number 2: Spring 2014<\\/h2>\\r\\n\\r\\n\\r\\n\\r\\n<ul><li><a href=\\\"http:\\/\\/jolt.law.harvard.edu\\/articles\\/pdf\\/v27\\/27HarvJLTechIntro2.pdf\\\">Issue Table of Contents, Masthead, and Sponsors<\\/a><\\/li><\\/ul>\\r\\n\\r\\n\\r\\n\\r\\n<h3>Articles<\\/h3>\\r\\n\\r\\n\\r\\n\\r\\n<ul><li><a href=\\\"http:\\/\\/jolt.law.harvard.edu\\/articles\\/pdf\\/v27\\/27HarvJLTech349.pdf\\\">University(TM): Trademark Rights Accretion in Higher Education<\\/a>&nbsp;- Jacob H. Rooksby<\\/li><li><a href=\\\"http:\\/\\/jolt.law.harvard.edu\\/articles\\/pdf\\/v27\\/27HarvJLTech421.pdf\\\">Power and Governance in Patent Pools<\\/a>&nbsp;- Michael Mattioli<\\/li><li><a href=\\\"http:\\/\\/jolt.law.harvard.edu\\/articles\\/pdf\\/v27\\/27HarvJLTech467.pdf\\\">Copyright Extremophiles: Do Creative Industries Thrive or Just Survive in China\'s High-Piracy Environment?<\\/a>&nbsp;- Eric Priest<\\/li><\\/ul>\\r\\n\\r\\n\\r\\n\\r\\n<h3>Notes<\\/h3>\\r\\n\\r\\n\\r\\n\\r\\n<ul><li><a href=\\\"http:\\/\\/jolt.law.harvard.edu\\/articles\\/pdf\\/v27\\/27HarvJLTech543.pdf\\\">Constructed Languages and Copyright: A Brief History and Proposal for Divorce<\\/a>&nbsp;- Michael Adelman<\\/li><li><a href=\\\"http:\\/\\/jolt.law.harvard.edu\\/articles\\/pdf\\/v27\\/27HarvJLTech563.pdf\\\">Searches of Cell Phones Incident to Arrest: Overview of the Law as It Stands and a New Path Forward<\\/a>&nbsp;- Patrick Brown<\\/li><li><a href=\\\"http:\\/\\/jolt.law.harvard.edu\\/articles\\/pdf\\/v27\\/27HarvJLTech587.pdf\\\">Coining Bitcoin\'s \\\"Legal-Bits\\\": Examining the Regulatory Framework for Bitcoin and Virtual Currencies<\\/a>&nbsp;- Matthew Kien-Meng Ly<\\/li><\\/ul>\",\"2\":\"\"}}', '2016-03-18 22:14:15', '2016-03-18 22:14:15', '0cc9f211-6627-4b04-a3b4-cf68dd736a26'),
 ('8', '4', '2', '1', 'en_us', '2', '', '{\"typeId\":\"2\",\"authorId\":\"1\",\"title\":\"Volume 28\",\"slug\":\"volume-28\",\"postDate\":1458338340,\"expiryDate\":null,\"enabled\":1,\"parentId\":null,\"fields\":{\"3\":\"<p>Ey<\\/p>\",\"4\":[\"5\"]}}', '2016-03-19 01:37:25', '2016-03-19 01:37:25', 'bdfff10e-cb9b-4da2-a339-e5348c289754'),
 ('9', '4', '2', '1', 'en_us', '3', '', '{\"typeId\":\"2\",\"authorId\":\"1\",\"title\":\"Volume 28\",\"slug\":\"volume-28\",\"postDate\":1458338340,\"expiryDate\":null,\"enabled\":1,\"parentId\":null,\"fields\":{\"3\":\"<ul><li><a href=\\\"http:\\/\\/jolt.law.harvard.edu\\/articles\\/pdf\\/v28\\/28HarvJLTech1.pdf\\\">Your Secret StingRay\'s No Secret Anymore: The Vanishing Government Monopoly over Cell Phone Surveillance and Its Impact on National Security and Consumer Privacy<\\/a>&nbsp;- Stephanie K. Pell & Christopher Soghoian<\\/li><li><a href=\\\"http:\\/\\/jolt.law.harvard.edu\\/articles\\/pdf\\/v28\\/28HarvJLTech77.pdf\\\">Improving Patent Quality with Applicant Incentives<\\/a>&nbsp;- Stephen Yelderman<\\/li><li><a href=\\\"http:\\/\\/jolt.law.harvard.edu\\/articles\\/pdf\\/v28\\/28HarvJLTech137.pdf\\\">Free-Riding, Cooperation, and \\\"Peaceful Revolutions\\\" in Copyright<\\/a>&nbsp;- Nicolas Suzor<\\/li><li><a href=\\\"http:\\/\\/jolt.law.harvard.edu\\/articles\\/pdf\\/v28\\/28HarvJLTech195.pdf\\\">The New Law of Ideas<\\/a>&nbsp;- Robert C. Denicola<\\/li><\\/ul>\",\"4\":\"<ul><li><a href=\\\"http:\\/\\/jolt.law.harvard.edu\\/articles\\/pdf\\/v28\\/28HarvJLTech237.pdf\\\">Microsoft the Botnet Hunter: The Role of Public-Private Partnerships in Mitigating Botnets<\\/a>&nbsp;- Zach Lerner<\\/li><li><a href=\\\"http:\\/\\/jolt.law.harvard.edu\\/articles\\/pdf\\/v28\\/28HarvJLTech263.pdf\\\">The End of Post-Sale Confusion: How Consumer 3D Printing Will Diminish the Function of Trademarks<\\/a>&nbsp;- James Grace<\\/li><li><a href=\\\"http:\\/\\/jolt.law.harvard.edu\\/articles\\/pdf\\/v28\\/28HarvJLTech289.pdf\\\">Intermediary Liability for Harmful Speech: Lessons from Abroad<\\/a>&nbsp;- Corey Omer<\\/li><li><a href=\\\"http:\\/\\/jolt.law.harvard.edu\\/articles\\/pdf\\/v28\\/28HarvJLTech325.pdf\\\">Three\'s a Crowd: Towards Contextual Integrity in Third-Party Data Sharing<\\/a>&nbsp;- Natalie Kim<\\/li><\\/ul>\"}}', '2016-03-19 01:46:56', '2016-03-19 01:46:56', 'cd5ad319-5007-4e8b-a21e-042e71379a72'),
 ('10', '4', '2', '1', 'en_us', '4', '', '{\"typeId\":\"2\",\"authorId\":\"1\",\"title\":\"Volume 28\",\"slug\":\"volume-28\",\"postDate\":1458338340,\"expiryDate\":null,\"enabled\":1,\"parentId\":null,\"fields\":{\"3\":\"<ul><li><a href=\\\"http:\\/\\/jolt.law.harvard.edu\\/articles\\/pdf\\/v28\\/28HarvJLTech1.pdf\\\">Your Secret StingRay\'s No Secret Anymore: The Vanishing Government Monopoly over Cell Phone Surveillance and Its Impact on National Security and Consumer Privacy<\\/a>&nbsp;- Stephanie K. Pell & Christopher Soghoian<\\/li><li><a href=\\\"http:\\/\\/jolt.law.harvard.edu\\/articles\\/pdf\\/v28\\/28HarvJLTech77.pdf\\\">Improving Patent Quality with Applicant Incentives<\\/a>&nbsp;- Stephen Yelderman<\\/li><li><a href=\\\"http:\\/\\/jolt.law.harvard.edu\\/articles\\/pdf\\/v28\\/28HarvJLTech137.pdf\\\">Free-Riding, Cooperation, and \\\"Peaceful Revolutions\\\" in Copyright<\\/a>&nbsp;- Nicolas Suzor<\\/li><li><a href=\\\"http:\\/\\/jolt.law.harvard.edu\\/articles\\/pdf\\/v28\\/28HarvJLTech195.pdf\\\">The New Law of Ideas<\\/a>&nbsp;- Robert C. Denicola<\\/li><\\/ul>\",\"5\":\"<ul><li><a href=\\\"http:\\/\\/jolt.law.harvard.edu\\/articles\\/pdf\\/v28\\/28HarvJLTech349.pdf\\\">Reconceptualizing the Right To Be Forgotten To Enable Transatlantic Data Flow<\\/a>&nbsp;- Michael L. Rustad & Sanna Kulevska<\\/li><li><a href=\\\"http:\\/\\/jolt.law.harvard.edu\\/articles\\/pdf\\/v28\\/28HarvJLTech419.pdf\\\">Black-Box Medicine<\\/a>&nbsp;- W. Nicholson Price II<\\/li><li><a href=\\\"http:\\/\\/jolt.law.harvard.edu\\/articles\\/pdf\\/v28\\/28HarvJLTech469.pdf\\\">Reforming Copyright Interpretation<\\/a>&nbsp;- Zahr K. Said<\\/li><\\/ul>\",\"4\":\"<ul><li><a href=\\\"http:\\/\\/jolt.law.harvard.edu\\/articles\\/pdf\\/v28\\/28HarvJLTech237.pdf\\\">Microsoft the Botnet Hunter: The Role of Public-Private Partnerships in Mitigating Botnets<\\/a>&nbsp;- Zach Lerner<\\/li><li><a href=\\\"http:\\/\\/jolt.law.harvard.edu\\/articles\\/pdf\\/v28\\/28HarvJLTech263.pdf\\\">The End of Post-Sale Confusion: How Consumer 3D Printing Will Diminish the Function of Trademarks<\\/a>&nbsp;- James Grace<\\/li><li><a href=\\\"http:\\/\\/jolt.law.harvard.edu\\/articles\\/pdf\\/v28\\/28HarvJLTech289.pdf\\\">Intermediary Liability for Harmful Speech: Lessons from Abroad<\\/a>&nbsp;- Corey Omer<\\/li><li><a href=\\\"http:\\/\\/jolt.law.harvard.edu\\/articles\\/pdf\\/v28\\/28HarvJLTech325.pdf\\\">Three\'s a Crowd: Towards Contextual Integrity in Third-Party Data Sharing<\\/a>&nbsp;- Natalie Kim<\\/li><\\/ul>\",\"6\":\"<ul><li><a href=\\\"http:\\/\\/jolt.law.harvard.edu\\/articles\\/pdf\\/v28\\/28HarvJLTech525.pdf\\\">The NSA Has Not Been Here: Warrant Canaries as Tools for Transparency in the Wake of the Snowden Disclosures<\\/a>&nbsp;- Naomi Gilens<\\/li><li><a href=\\\"http:\\/\\/jolt.law.harvard.edu\\/articles\\/pdf\\/v28\\/28HarvJLTech549.pdf\\\">Educational Privacy in the Online Classroom: FERPA, MOOCs, and the Big Data Conundrum<\\/a>&nbsp;- Elise Young<\\/li><li><a href=\\\"http:\\/\\/jolt.law.harvard.edu\\/articles\\/pdf\\/v28\\/28HarvJLTech593.pdf\\\">Homing In: Technology\'s Place in Fourth Amendment Jurisprudence<\\/a>&nbsp;- Emma Raviv<\\/li><\\/ul>\"}}', '2016-03-19 01:47:54', '2016-03-19 01:47:54', 'f3fbde1d-7d1c-4faf-b83d-b90df4ceab63'),
 ('11', '4', '2', '1', 'en_us', '5', '', '{\"typeId\":\"2\",\"authorId\":\"1\",\"title\":\"Volume 28\",\"slug\":\"volume-28\",\"postDate\":1458338340,\"expiryDate\":null,\"enabled\":1,\"parentId\":null,\"fields\":{\"3\":\"<ul><li><a href=\\\"http:\\/\\/jolt.law.harvard.edu\\/articles\\/pdf\\/v28\\/28HarvJLTech1.pdf\\\">Your Secret StingRay\'s No Secret Anymore: The Vanishing Government Monopoly over Cell Phone Surveillance and Its Impact on National Security and Consumer Privacy<\\/a>&nbsp;- Stephanie K. Pell & Christopher Soghoian<\\/li><li><a href=\\\"http:\\/\\/jolt.law.harvard.edu\\/articles\\/pdf\\/v28\\/28HarvJLTech77.pdf\\\">Improving Patent Quality with Applicant Incentives<\\/a>&nbsp;- Stephen Yelderman<\\/li><li><a href=\\\"http:\\/\\/jolt.law.harvard.edu\\/articles\\/pdf\\/v28\\/28HarvJLTech137.pdf\\\">Free-Riding, Cooperation, and \\\"Peaceful Revolutions\\\" in Copyright<\\/a>&nbsp;- Nicolas Suzor<\\/li><li><a href=\\\"http:\\/\\/jolt.law.harvard.edu\\/articles\\/pdf\\/v28\\/28HarvJLTech195.pdf\\\">The New Law of Ideas<\\/a>&nbsp;- Robert C. Denicola<\\/li><\\/ul>\",\"5\":\"<ul><li><a href=\\\"http:\\/\\/jolt.law.harvard.edu\\/articles\\/pdf\\/v28\\/28HarvJLTech349.pdf\\\">Reconceptualizing the Right To Be Forgotten To Enable Transatlantic Data Flow<\\/a>&nbsp;- Michael L. Rustad & Sanna Kulevska<\\/li><li><a href=\\\"http:\\/\\/jolt.law.harvard.edu\\/articles\\/pdf\\/v28\\/28HarvJLTech419.pdf\\\">Black-Box Medicine<\\/a>&nbsp;- W. Nicholson Price II<\\/li><li><a href=\\\"http:\\/\\/jolt.law.harvard.edu\\/articles\\/pdf\\/v28\\/28HarvJLTech469.pdf\\\">Reforming Copyright Interpretation<\\/a>&nbsp;- Zahr K. Said<\\/li><\\/ul>\",\"4\":\"<ul><li><a href=\\\"http:\\/\\/jolt.law.harvard.edu\\/articles\\/pdf\\/v28\\/28HarvJLTech237.pdf\\\">Microsoft the Botnet Hunter: The Role of Public-Private Partnerships in Mitigating Botnets<\\/a>&nbsp;- Zach Lerner<\\/li><li><a href=\\\"http:\\/\\/jolt.law.harvard.edu\\/articles\\/pdf\\/v28\\/28HarvJLTech263.pdf\\\">The End of Post-Sale Confusion: How Consumer 3D Printing Will Diminish the Function of Trademarks<\\/a>&nbsp;- James Grace<\\/li><li><a href=\\\"http:\\/\\/jolt.law.harvard.edu\\/articles\\/pdf\\/v28\\/28HarvJLTech289.pdf\\\">Intermediary Liability for Harmful Speech: Lessons from Abroad<\\/a>&nbsp;- Corey Omer<\\/li><li><a href=\\\"http:\\/\\/jolt.law.harvard.edu\\/articles\\/pdf\\/v28\\/28HarvJLTech325.pdf\\\">Three\'s a Crowd: Towards Contextual Integrity in Third-Party Data Sharing<\\/a>&nbsp;- Natalie Kim<\\/li><\\/ul>\",\"6\":\"<ul><li><a href=\\\"http:\\/\\/jolt.law.harvard.edu\\/articles\\/pdf\\/v28\\/28HarvJLTech525.pdf\\\">The NSA Has Not Been Here: Warrant Canaries as Tools for Transparency in the Wake of the Snowden Disclosures<\\/a>&nbsp;- Naomi Gilens<\\/li><li><a href=\\\"http:\\/\\/jolt.law.harvard.edu\\/articles\\/pdf\\/v28\\/28HarvJLTech549.pdf\\\">Educational Privacy in the Online Classroom: FERPA, MOOCs, and the Big Data Conundrum<\\/a>&nbsp;- Elise Young<\\/li><li><a href=\\\"http:\\/\\/jolt.law.harvard.edu\\/articles\\/pdf\\/v28\\/28HarvJLTech593.pdf\\\">Homing In: Technology\'s Place in Fourth Amendment Jurisprudence<\\/a>&nbsp;- Emma Raviv<\\/li><\\/ul>\",\"9\":{\"date\":\"12\\/1\\/2014\"},\"10\":{\"date\":\"10\\/7\\/2015\"},\"7\":\"Issue Table of Contents, Masthead, and Sponsors\",\"8\":\"\"}}', '2016-03-19 02:02:00', '2016-03-19 02:02:00', '8d7bfec9-eb3c-4e91-8dae-fd577cb283fb'),
 ('12', '4', '2', '1', 'en_us', '6', '', '{\"typeId\":\"2\",\"authorId\":\"1\",\"title\":\"Volume 28\",\"slug\":\"volume-28\",\"postDate\":1458338340,\"expiryDate\":null,\"enabled\":1,\"parentId\":null,\"fields\":{\"3\":\"<ul><li><a href=\\\"http:\\/\\/jolt.law.harvard.edu\\/articles\\/pdf\\/v28\\/28HarvJLTech1.pdf\\\">Your Secret StingRay\'s No Secret Anymore: The Vanishing Government Monopoly over Cell Phone Surveillance and Its Impact on National Security and Consumer Privacy<\\/a>&nbsp;- Stephanie K. Pell & Christopher Soghoian<\\/li><li><a href=\\\"http:\\/\\/jolt.law.harvard.edu\\/articles\\/pdf\\/v28\\/28HarvJLTech77.pdf\\\">Improving Patent Quality with Applicant Incentives<\\/a>&nbsp;- Stephen Yelderman<\\/li><li><a href=\\\"http:\\/\\/jolt.law.harvard.edu\\/articles\\/pdf\\/v28\\/28HarvJLTech137.pdf\\\">Free-Riding, Cooperation, and \\\"Peaceful Revolutions\\\" in Copyright<\\/a>&nbsp;- Nicolas Suzor<\\/li><li><a href=\\\"http:\\/\\/jolt.law.harvard.edu\\/articles\\/pdf\\/v28\\/28HarvJLTech195.pdf\\\">The New Law of Ideas<\\/a>&nbsp;- Robert C. Denicola<\\/li><\\/ul>\",\"5\":\"<ul><li><a href=\\\"http:\\/\\/jolt.law.harvard.edu\\/articles\\/pdf\\/v28\\/28HarvJLTech349.pdf\\\">Reconceptualizing the Right To Be Forgotten To Enable Transatlantic Data Flow<\\/a>&nbsp;- Michael L. Rustad & Sanna Kulevska<\\/li><li><a href=\\\"http:\\/\\/jolt.law.harvard.edu\\/articles\\/pdf\\/v28\\/28HarvJLTech419.pdf\\\">Black-Box Medicine<\\/a>&nbsp;- W. Nicholson Price II<\\/li><li><a href=\\\"http:\\/\\/jolt.law.harvard.edu\\/articles\\/pdf\\/v28\\/28HarvJLTech469.pdf\\\">Reforming Copyright Interpretation<\\/a>&nbsp;- Zahr K. Said<\\/li><\\/ul>\",\"4\":\"<h3>Notes<\\/h3><ul><li><a href=\\\"http:\\/\\/jolt.law.harvard.edu\\/articles\\/pdf\\/v28\\/28HarvJLTech237.pdf\\\">Microsoft the Botnet Hunter: The Role of Public-Private Partnerships in Mitigating Botnets<\\/a>&nbsp;- Zach Lerner<\\/li><li><a href=\\\"http:\\/\\/jolt.law.harvard.edu\\/articles\\/pdf\\/v28\\/28HarvJLTech263.pdf\\\">The End of Post-Sale Confusion: How Consumer 3D Printing Will Diminish the Function of Trademarks<\\/a>&nbsp;- James Grace<\\/li><li><a href=\\\"http:\\/\\/jolt.law.harvard.edu\\/articles\\/pdf\\/v28\\/28HarvJLTech289.pdf\\\">Intermediary Liability for Harmful Speech: Lessons from Abroad<\\/a>&nbsp;- Corey Omer<\\/li><li><a href=\\\"http:\\/\\/jolt.law.harvard.edu\\/articles\\/pdf\\/v28\\/28HarvJLTech325.pdf\\\">Three\'s a Crowd: Towards Contextual Integrity in Third-Party Data Sharing<\\/a>&nbsp;- Natalie Kim<\\/li><\\/ul>\",\"6\":\"<ul><li><a href=\\\"http:\\/\\/jolt.law.harvard.edu\\/articles\\/pdf\\/v28\\/28HarvJLTech525.pdf\\\">The NSA Has Not Been Here: Warrant Canaries as Tools for Transparency in the Wake of the Snowden Disclosures<\\/a>&nbsp;- Naomi Gilens<\\/li><li><a href=\\\"http:\\/\\/jolt.law.harvard.edu\\/articles\\/pdf\\/v28\\/28HarvJLTech549.pdf\\\">Educational Privacy in the Online Classroom: FERPA, MOOCs, and the Big Data Conundrum<\\/a>&nbsp;- Elise Young<\\/li><li><a href=\\\"http:\\/\\/jolt.law.harvard.edu\\/articles\\/pdf\\/v28\\/28HarvJLTech593.pdf\\\">Homing In: Technology\'s Place in Fourth Amendment Jurisprudence<\\/a>&nbsp;- Emma Raviv<\\/li><\\/ul>\",\"9\":{\"date\":\"12\\/1\\/2014\"},\"10\":{\"date\":\"10\\/7\\/2015\"},\"7\":\"<ul><li><a href=\\\"http:\\/\\/jolt.law.harvard.edu\\/articles\\/pdf\\/v28\\/28HarvJLTechIntro.pdf\\\">Issue Table of Contents, Masthead, and Sponsor<\\/a><\\/li><\\/ul>\",\"8\":\"\"}}', '2016-03-19 02:06:36', '2016-03-19 02:06:36', 'd58a4578-9ce6-446e-994c-9438e21154b1'),
 ('13', '4', '2', '1', 'en_us', '7', '', '{\"typeId\":\"2\",\"authorId\":\"1\",\"title\":\"Volume 28\",\"slug\":\"volume-28\",\"postDate\":1458338340,\"expiryDate\":null,\"enabled\":1,\"parentId\":null,\"fields\":{\"3\":\"<ul><li><a href=\\\"http:\\/\\/jolt.law.harvard.edu\\/articles\\/pdf\\/v28\\/28HarvJLTech1.pdf\\\">Your Secret StingRay\'s No Secret Anymore: The Vanishing Government Monopoly over Cell Phone Surveillance and Its Impact on National Security and Consumer Privacy<\\/a>&nbsp;- Stephanie K. Pell & Christopher Soghoian<\\/li><li><a href=\\\"http:\\/\\/jolt.law.harvard.edu\\/articles\\/pdf\\/v28\\/28HarvJLTech77.pdf\\\">Improving Patent Quality with Applicant Incentives<\\/a>&nbsp;- Stephen Yelderman<\\/li><li><a href=\\\"http:\\/\\/jolt.law.harvard.edu\\/articles\\/pdf\\/v28\\/28HarvJLTech137.pdf\\\">Free-Riding, Cooperation, and \\\"Peaceful Revolutions\\\" in Copyright<\\/a>&nbsp;- Nicolas Suzor<\\/li><li><a href=\\\"http:\\/\\/jolt.law.harvard.edu\\/articles\\/pdf\\/v28\\/28HarvJLTech195.pdf\\\">The New Law of Ideas<\\/a>&nbsp;- Robert C. Denicola<\\/li><\\/ul>\",\"5\":\"<ul><li><a href=\\\"http:\\/\\/jolt.law.harvard.edu\\/articles\\/pdf\\/v28\\/28HarvJLTech349.pdf\\\">Reconceptualizing the Right To Be Forgotten To Enable Transatlantic Data Flow<\\/a>&nbsp;- Michael L. Rustad & Sanna Kulevska<\\/li><li><a href=\\\"http:\\/\\/jolt.law.harvard.edu\\/articles\\/pdf\\/v28\\/28HarvJLTech419.pdf\\\">Black-Box Medicine<\\/a>&nbsp;- W. Nicholson Price II<\\/li><li><a href=\\\"http:\\/\\/jolt.law.harvard.edu\\/articles\\/pdf\\/v28\\/28HarvJLTech469.pdf\\\">Reforming Copyright Interpretation<\\/a>&nbsp;- Zahr K. Said<\\/li><\\/ul>\",\"4\":\"<h3>Notes<\\/h3>\\r\\n\\r\\n<ul><li><a href=\\\"http:\\/\\/jolt.law.harvard.edu\\/articles\\/pdf\\/v28\\/28HarvJLTech237.pdf\\\">Microsoft the Botnet Hunter: The Role of Public-Private Partnerships in Mitigating Botnets<\\/a>&nbsp;- Zach Lerner<\\/li><li><a href=\\\"http:\\/\\/jolt.law.harvard.edu\\/articles\\/pdf\\/v28\\/28HarvJLTech263.pdf\\\">The End of Post-Sale Confusion: How Consumer 3D Printing Will Diminish the Function of Trademarks<\\/a>&nbsp;- James Grace<\\/li><li><a href=\\\"http:\\/\\/jolt.law.harvard.edu\\/articles\\/pdf\\/v28\\/28HarvJLTech289.pdf\\\">Intermediary Liability for Harmful Speech: Lessons from Abroad<\\/a>&nbsp;- Corey Omer<\\/li><li><a href=\\\"http:\\/\\/jolt.law.harvard.edu\\/articles\\/pdf\\/v28\\/28HarvJLTech325.pdf\\\">Three\'s a Crowd: Towards Contextual Integrity in Third-Party Data Sharing<\\/a>&nbsp;- Natalie Kim<\\/li><\\/ul>\",\"6\":\"<h3>Notes<\\/h3><ul><li><a href=\\\"http:\\/\\/jolt.law.harvard.edu\\/articles\\/pdf\\/v28\\/28HarvJLTech525.pdf\\\">The NSA Has Not Been Here: Warrant Canaries as Tools for Transparency in the Wake of the Snowden Disclosures<\\/a>&nbsp;- Naomi Gilens<\\/li><li><a href=\\\"http:\\/\\/jolt.law.harvard.edu\\/articles\\/pdf\\/v28\\/28HarvJLTech549.pdf\\\">Educational Privacy in the Online Classroom: FERPA, MOOCs, and the Big Data Conundrum<\\/a>&nbsp;- Elise Young<\\/li><li><a href=\\\"http:\\/\\/jolt.law.harvard.edu\\/articles\\/pdf\\/v28\\/28HarvJLTech593.pdf\\\">Homing In: Technology\'s Place in Fourth Amendment Jurisprudence<\\/a>&nbsp;- Emma Raviv<\\/li><\\/ul>\",\"9\":{\"date\":\"12\\/1\\/2014\"},\"10\":{\"date\":\"10\\/7\\/2015\"},\"7\":\"<ul><li><a href=\\\"http:\\/\\/jolt.law.harvard.edu\\/articles\\/pdf\\/v28\\/28HarvJLTechIntro.pdf\\\">Issue Table of Contents, Masthead, and Sponsor<\\/a><\\/li><\\/ul>\",\"8\":\"<ul><li><a href=\\\"http:\\/\\/jolt.law.harvard.edu\\/articles\\/pdf\\/v28\\/28HarvJLTechIntro2.pdf\\\">Issue Table of Contents, Masthead, and Sponsors<\\/a><\\/li><\\/ul>\"}}', '2016-03-19 02:07:31', '2016-03-19 02:07:31', '6e78a398-5ab0-4723-a603-a7ce04d87bcf'),
 ('14', '4', '2', '1', 'en_us', '8', '', '{\"typeId\":\"2\",\"authorId\":\"1\",\"title\":\"Volume 28\",\"slug\":\"volume-28\",\"postDate\":1458338340,\"expiryDate\":null,\"enabled\":1,\"parentId\":null,\"fields\":{\"3\":\"<ul><li><a href=\\\"http:\\/\\/jolt.law.harvard.edu\\/articles\\/pdf\\/v28\\/28HarvJLTech1.pdf\\\">Your Secret StingRay\'s No Secret Anymore: The Vanishing Government Monopoly over Cell Phone Surveillance and Its Impact on National Security and Consumer Privacy<\\/a>&nbsp;- Stephanie K. Pell & Christopher Soghoian<\\/li><li><a href=\\\"http:\\/\\/jolt.law.harvard.edu\\/articles\\/pdf\\/v28\\/28HarvJLTech77.pdf\\\">Improving Patent Quality with Applicant Incentives<\\/a>&nbsp;- Stephen Yelderman<\\/li><li><a href=\\\"http:\\/\\/jolt.law.harvard.edu\\/articles\\/pdf\\/v28\\/28HarvJLTech137.pdf\\\">Free-Riding, Cooperation, and \\\"Peaceful Revolutions\\\" in Copyright<\\/a>&nbsp;- Nicolas Suzor<\\/li><li><a href=\\\"http:\\/\\/jolt.law.harvard.edu\\/articles\\/pdf\\/v28\\/28HarvJLTech195.pdf\\\">The New Law of Ideas<\\/a>&nbsp;- Robert C. Denicola<\\/li><\\/ul>\",\"5\":\"<ul><li><a href=\\\"http:\\/\\/jolt.law.harvard.edu\\/articles\\/pdf\\/v28\\/28HarvJLTech349.pdf\\\">Reconceptualizing the Right To Be Forgotten To Enable Transatlantic Data Flow<\\/a>&nbsp;- Michael L. Rustad & Sanna Kulevska<\\/li><li><a href=\\\"http:\\/\\/jolt.law.harvard.edu\\/articles\\/pdf\\/v28\\/28HarvJLTech419.pdf\\\">Black-Box Medicine<\\/a>&nbsp;- W. Nicholson Price II<\\/li><li><a href=\\\"http:\\/\\/jolt.law.harvard.edu\\/articles\\/pdf\\/v28\\/28HarvJLTech469.pdf\\\">Reforming Copyright Interpretation<\\/a>&nbsp;- Zahr K. Said<\\/li><\\/ul>\",\"11\":{\"new1\":{\"type\":\"newSection\",\"enabled\":\"1\",\"fields\":{\"heading\":\"Notes\",\"sectionContent\":\"<ul><li><a href=\\\"http:\\/\\/jolt.law.harvard.edu\\/articles\\/pdf\\/v28\\/28HarvJLTech237.pdf\\\">Microsoft the Botnet Hunter: The Role of Public-Private Partnerships in Mitigating Botnets<\\/a>&nbsp;- Zach Lerner<\\/li><li><a href=\\\"http:\\/\\/jolt.law.harvard.edu\\/articles\\/pdf\\/v28\\/28HarvJLTech263.pdf\\\">The End of Post-Sale Confusion: How Consumer 3D Printing Will Diminish the Function of Trademarks<\\/a>&nbsp;- James Grace<\\/li><li><a href=\\\"http:\\/\\/jolt.law.harvard.edu\\/articles\\/pdf\\/v28\\/28HarvJLTech289.pdf\\\">Intermediary Liability for Harmful Speech: Lessons from Abroad<\\/a>&nbsp;- Corey Omer<\\/li><li><a href=\\\"http:\\/\\/jolt.law.harvard.edu\\/articles\\/pdf\\/v28\\/28HarvJLTech325.pdf\\\">Three\'s a Crowd: Towards Contextual Integrity in Third-Party Data Sharing<\\/a>&nbsp;- Natalie Kim<\\/li><\\/ul>\"}}},\"14\":{\"new3\":{\"type\":\"newSection\",\"enabled\":\"1\",\"fields\":{\"heading\":\"Notes\",\"sectionContent\":\"<ul><li><a href=\\\"http:\\/\\/jolt.law.harvard.edu\\/articles\\/pdf\\/v28\\/28HarvJLTech525.pdf\\\">The NSA Has Not Been Here: Warrant Canaries as Tools for Transparency in the Wake of the Snowden Disclosures<\\/a>&nbsp;- Naomi Gilens<\\/li><li><a href=\\\"http:\\/\\/jolt.law.harvard.edu\\/articles\\/pdf\\/v28\\/28HarvJLTech549.pdf\\\">Educational Privacy in the Online Classroom: FERPA, MOOCs, and the Big Data Conundrum<\\/a>&nbsp;- Elise Young<\\/li><li><a href=\\\"http:\\/\\/jolt.law.harvard.edu\\/articles\\/pdf\\/v28\\/28HarvJLTech593.pdf\\\">Homing In: Technology\'s Place in Fourth Amendment Jurisprudence<\\/a>&nbsp;- Emma Raviv<\\/li><\\/ul>\"}}},\"9\":{\"date\":\"12\\/1\\/2014\"},\"10\":{\"date\":\"10\\/7\\/2015\"}}}', '2016-03-19 02:18:45', '2016-03-19 02:18:45', 'aa11aca5-567d-49e3-ab92-8d3d487f51c1'),
 ('15', '4', '2', '1', 'en_us', '9', '', '{\"typeId\":\"2\",\"authorId\":\"1\",\"title\":\"Volume 28\",\"slug\":\"volume-28\",\"postDate\":1458338340,\"expiryDate\":null,\"enabled\":1,\"parentId\":null,\"fields\":{\"3\":\"<ul><li><a href=\\\"http:\\/\\/jolt.law.harvard.edu\\/articles\\/pdf\\/v28\\/28HarvJLTech1.pdf\\\">Your Secret StingRay\'s No Secret Anymore: The Vanishing Government Monopoly over Cell Phone Surveillance and Its Impact on National Security and Consumer Privacy<\\/a>&nbsp;- Stephanie K. Pell & Christopher Soghoian<\\/li><li><a href=\\\"http:\\/\\/jolt.law.harvard.edu\\/articles\\/pdf\\/v28\\/28HarvJLTech77.pdf\\\">Improving Patent Quality with Applicant Incentives<\\/a>&nbsp;- Stephen Yelderman<\\/li><li><a href=\\\"http:\\/\\/jolt.law.harvard.edu\\/articles\\/pdf\\/v28\\/28HarvJLTech137.pdf\\\">Free-Riding, Cooperation, and \\\"Peaceful Revolutions\\\" in Copyright<\\/a>&nbsp;- Nicolas Suzor<\\/li><li><a href=\\\"http:\\/\\/jolt.law.harvard.edu\\/articles\\/pdf\\/v28\\/28HarvJLTech195.pdf\\\">The New Law of Ideas<\\/a>&nbsp;- Robert C. Denicola<\\/li><\\/ul>\",\"5\":\"<ul><li><a href=\\\"http:\\/\\/jolt.law.harvard.edu\\/articles\\/pdf\\/v28\\/28HarvJLTech349.pdf\\\">Reconceptualizing the Right To Be Forgotten To Enable Transatlantic Data Flow<\\/a>&nbsp;- Michael L. Rustad & Sanna Kulevska<\\/li><li><a href=\\\"http:\\/\\/jolt.law.harvard.edu\\/articles\\/pdf\\/v28\\/28HarvJLTech419.pdf\\\">Black-Box Medicine<\\/a>&nbsp;- W. Nicholson Price II<\\/li><li><a href=\\\"http:\\/\\/jolt.law.harvard.edu\\/articles\\/pdf\\/v28\\/28HarvJLTech469.pdf\\\">Reforming Copyright Interpretation<\\/a>&nbsp;- Zahr K. Said<\\/li><\\/ul>\",\"11\":{\"6\":{\"type\":\"newSection\",\"enabled\":\"1\",\"fields\":{\"heading\":\"Notes\",\"sectionContent\":\"<ul><li><a href=\\\"http:\\/\\/jolt.law.harvard.edu\\/articles\\/pdf\\/v28\\/28HarvJLTech237.pdf\\\">Microsoft the Botnet Hunter: The Role of Public-Private Partnerships in Mitigating Botnets<\\/a>&nbsp;- Zach Lerner<\\/li><li><a href=\\\"http:\\/\\/jolt.law.harvard.edu\\/articles\\/pdf\\/v28\\/28HarvJLTech263.pdf\\\">The End of Post-Sale Confusion: How Consumer 3D Printing Will Diminish the Function of Trademarks<\\/a>&nbsp;- James Grace<\\/li><li><a href=\\\"http:\\/\\/jolt.law.harvard.edu\\/articles\\/pdf\\/v28\\/28HarvJLTech289.pdf\\\">Intermediary Liability for Harmful Speech: Lessons from Abroad<\\/a>&nbsp;- Corey Omer<\\/li><li><a href=\\\"http:\\/\\/jolt.law.harvard.edu\\/articles\\/pdf\\/v28\\/28HarvJLTech325.pdf\\\">Three\'s a Crowd: Towards Contextual Integrity in Third-Party Data Sharing<\\/a>&nbsp;- Natalie Kim<\\/li><\\/ul>\"}}},\"14\":{\"7\":{\"type\":\"newSection\",\"enabled\":\"1\",\"fields\":{\"heading\":\"Notes\",\"sectionContent\":\"<ul><li><a href=\\\"http:\\/\\/jolt.law.harvard.edu\\/articles\\/pdf\\/v28\\/28HarvJLTech525.pdf\\\">The NSA Has Not Been Here: Warrant Canaries as Tools for Transparency in the Wake of the Snowden Disclosures<\\/a>&nbsp;- Naomi Gilens<\\/li><li><a href=\\\"http:\\/\\/jolt.law.harvard.edu\\/articles\\/pdf\\/v28\\/28HarvJLTech549.pdf\\\">Educational Privacy in the Online Classroom: FERPA, MOOCs, and the Big Data Conundrum<\\/a>&nbsp;- Elise Young<\\/li><li><a href=\\\"http:\\/\\/jolt.law.harvard.edu\\/articles\\/pdf\\/v28\\/28HarvJLTech593.pdf\\\">Homing In: Technology\'s Place in Fourth Amendment Jurisprudence<\\/a>&nbsp;- Emma Raviv<\\/li><\\/ul>\"}}},\"9\":{\"date\":\"12\\/1\\/2014\"},\"10\":{\"date\":\"10\\/7\\/2015\"}}}', '2016-03-19 02:18:50', '2016-03-19 02:18:50', 'fad5bd32-030b-4acf-97dd-647c5b2f7883'),
 ('16', '5', '2', '1', 'en_us', '3', '', '{\"typeId\":\"2\",\"authorId\":\"1\",\"title\":\"Volume 27\",\"slug\":\"volume-27\",\"postDate\":1421100780,\"expiryDate\":null,\"enabled\":1,\"parentId\":null,\"fields\":{\"3\":\"<ul><li><a href=\\\"http:\\/\\/jolt.law.harvard.edu\\/articles\\/pdf\\/v27\\/27HarvJLTech1.pdf\\\">Reverse Payments, Perverse Incentives<\\/a>&nbsp;- Murat C. Mungan<\\/li><li><a href=\\\"http:\\/\\/jolt.law.harvard.edu\\/articles\\/pdf\\/v27\\/27HarvJLTech49.pdf\\\">Stronger than Kryptonite? Inalienable Profit-Sharing Schemes in Copyright Law<\\/a>&nbsp;- Guy A. Rub<\\/li><li><a href=\\\"http:\\/\\/jolt.law.harvard.edu\\/articles\\/pdf\\/v27\\/27HarvJLTech135.pdf\\\">Technological Cost as Law in Intellectual Property<\\/a>&nbsp;- Harry Surden<\\/li><li><a href=\\\"http:\\/\\/jolt.law.harvard.edu\\/articles\\/pdf\\/v27\\/27HarvJLTech203.pdf\\\">Copyright Lawmaking and Public Choice: From Legislative Battles to Private Ordering<\\/a>&nbsp;- Yafit Lev-Aretz<\\/li><\\/ul>\",\"5\":\"<ul><li><a href=\\\"http:\\/\\/jolt.law.harvard.edu\\/articles\\/pdf\\/v27\\/27HarvJLTech349.pdf\\\">University(TM): Trademark Rights Accretion in Higher Education<\\/a>&nbsp;- Jacob H. Rooksby<\\/li><li><a href=\\\"http:\\/\\/jolt.law.harvard.edu\\/articles\\/pdf\\/v27\\/27HarvJLTech421.pdf\\\">Power and Governance in Patent Pools<\\/a>&nbsp;- Michael Mattioli<\\/li><li><a href=\\\"http:\\/\\/jolt.law.harvard.edu\\/articles\\/pdf\\/v27\\/27HarvJLTech467.pdf\\\">Copyright Extremophiles: Do Creative Industries Thrive or Just Survive in China\'s High-Piracy Environment?<\\/a>&nbsp;- Eric Priest<\\/li><\\/ul>\",\"11\":{\"new1\":{\"type\":\"newSection\",\"enabled\":\"1\",\"fields\":{\"heading\":\"Notes\",\"sectionContent\":\"<ul><li><a href=\\\"http:\\/\\/jolt.law.harvard.edu\\/articles\\/pdf\\/v27\\/27HarvJLTech257.pdf\\\">Standards for Determining When ISPs Have Fallen Out of Section 512(a)<\\/a>&nbsp;- Nathan Lovejoy<\\/li><li><a href=\\\"http:\\/\\/jolt.law.harvard.edu\\/articles\\/pdf\\/v27\\/27HarvJLTech279.pdf\\\">Science, Patent Law, and Epistemic Legitimacy: An Empirical Study of Technically Trained Federal Circuit Judges<\\/a>&nbsp;- Charlie Stiernberg<\\/li><li><a href=\\\"http:\\/\\/jolt.law.harvard.edu\\/articles\\/pdf\\/v27\\/27HarvJLTech301.pdf\\\">Hacktivism and the First Amendment: Drawing the Line Between Cyber Protests and Crime<\\/a>&nbsp;- Xiang Li<\\/li><li><a href=\\\"http:\\/\\/jolt.law.harvard.edu\\/articles\\/pdf\\/v27\\/27HarvJLTech331.pdf\\\">Mediating with Non-Practicing Entities<\\/a>&nbsp;- Laura Fishwic<\\/li><\\/ul>\"}}},\"14\":{\"new1\":{\"type\":\"newSection\",\"enabled\":\"1\",\"fields\":{\"heading\":\"Notes\",\"sectionContent\":\"<ul><li><a href=\\\"http:\\/\\/jolt.law.harvard.edu\\/articles\\/pdf\\/v27\\/27HarvJLTech543.pdf\\\">Constructed Languages and Copyright: A Brief History and Proposal for Divorce<\\/a>&nbsp;- Michael Adelman<\\/li><li><a href=\\\"http:\\/\\/jolt.law.harvard.edu\\/articles\\/pdf\\/v27\\/27HarvJLTech563.pdf\\\">Searches of Cell Phones Incident to Arrest: Overview of the Law as It Stands and a New Path Forward<\\/a>&nbsp;- Patrick Brown<\\/li><li><a href=\\\"http:\\/\\/jolt.law.harvard.edu\\/articles\\/pdf\\/v27\\/27HarvJLTech587.pdf\\\">Coining Bitcoin\'s \\\"Legal-Bits\\\": Examining the Regulatory Framework for Bitcoin and Virtual Currencies<\\/a>&nbsp;- Matthew Kien-Meng Ly<\\/li><\\/ul>\"}}},\"9\":{\"date\":\"8\\/7\\/2014\"},\"10\":{\"date\":\"3\\/11\\/2015\"}}}', '2016-03-19 02:22:38', '2016-03-19 02:22:38', 'aecd14b7-7f2c-44ef-bae6-65c16fa6c498'),
 ('17', '10', '2', '1', 'en_us', '1', '', '{\"typeId\":null,\"authorId\":\"1\",\"title\":\"Volume 26\",\"slug\":\"volume-26\",\"postDate\":1458354236,\"expiryDate\":null,\"enabled\":1,\"parentId\":null,\"fields\":{\"3\":\"<ul><li><a href=\\\"http:\\/\\/jolt.law.harvard.edu\\/articles\\/pdf\\/v26\\/26HarvJLTech1.pdf\\\">Protecting Open Innovation: The Defensive Patent License as a New Approach to Patent Threats, Transaction Costs, and Tactical Disarmament<\\/a>&nbsp;- Jason Schultz and Jennifer M. Urban<\\/li><li><a href=\\\"http:\\/\\/jolt.law.harvard.edu\\/articles\\/pdf\\/v26\\/26HarvJLTech69.pdf\\\">Open Wireless vs. Licensed Spectrum: Evidence from Market Adoption<\\/a>&nbsp;- Yochai Benkler<\\/li><li><a href=\\\"http:\\/\\/jolt.law.harvard.edu\\/articles\\/pdf\\/v26\\/26HarvJLTech165.pdf\\\">A Face Tells More than a Thousand Posts: Developing Face Recognition Privacy in Social Networks<\\/a>&nbsp;- Yana Welinder<\\/li><li><a href=\\\"http:\\/\\/jolt.law.harvard.edu\\/articles\\/pdf\\/v26\\/26HarvJLTech241.pdf\\\">Using Technology to Enhance Access to Justice<\\/a>&nbsp;- James E. Cabral, Abhijeet Chavan, Thomas M. Clarke, John Greacen, Bonnie Rose Hough, Linda Rexer, Jane Ribadeneyra & Richard Zorza<\\/li><\\/ul>\",\"5\":\"\",\"11\":{\"new1\":{\"type\":\"newSection\",\"enabled\":\"1\",\"fields\":{\"heading\":\"Notes\",\"sectionContent\":\"<ul><li><a href=\\\"http:\\/\\/jolt.law.harvard.edu\\/articles\\/pdf\\/v26\\/26HarvJLTech325.pdf\\\">Fix It in the Mix: Disaggregating the Record Producer\'s Copyright<\\/a>&nbsp;- Phil Hill<\\/li><li><a href=\\\"http:\\/\\/jolt.law.harvard.edu\\/articles\\/pdf\\/v26\\/26HarvJLTech353.pdf\\\">Downloading Infringement: Patent Law as a Roadblock to the 3D Printing Revolution<\\/a>&nbsp;- Davis Doherty<\\/li><li><a href=\\\"http:\\/\\/jolt.law.harvard.edu\\/articles\\/pdf\\/v26\\/26HarvJLTech375.pdf\\\">Rethinking Risks: Should Socioeconomic and Ethical Considerations Be Incorporated into the Regulation of Genetically Modified Crops?<\\/a>&nbsp;- Dorothy Du<\\/li><li><a href=\\\"http:\\/\\/jolt.law.harvard.edu\\/articles\\/pdf\\/v26\\/26HarvJLTech403.pdf\\\">Medical Device Innovation in America: Tensions Between Food and Drug Law and Patent Law<\\/a>&nbsp;- Adam Lewin<\\/li><\\/ul>\"}}},\"14\":\"\",\"9\":{\"date\":\"4\\/1\\/2012\"},\"10\":{\"date\":\"\"}}}', '2016-03-19 02:23:57', '2016-03-19 02:23:57', '2bde154a-0204-46cf-ba51-dea1836d4e66'),
 ('18', '10', '2', '1', 'en_us', '2', '', '{\"typeId\":\"2\",\"authorId\":\"1\",\"title\":\"Volume 26\",\"slug\":\"volume-26\",\"postDate\":1332123780,\"expiryDate\":null,\"enabled\":1,\"parentId\":null,\"fields\":{\"3\":\"<ul><li><a href=\\\"http:\\/\\/jolt.law.harvard.edu\\/articles\\/pdf\\/v26\\/26HarvJLTech1.pdf\\\">Protecting Open Innovation: The Defensive Patent License as a New Approach to Patent Threats, Transaction Costs, and Tactical Disarmament<\\/a>&nbsp;- Jason Schultz and Jennifer M. Urban<\\/li><li><a href=\\\"http:\\/\\/jolt.law.harvard.edu\\/articles\\/pdf\\/v26\\/26HarvJLTech69.pdf\\\">Open Wireless vs. Licensed Spectrum: Evidence from Market Adoption<\\/a>&nbsp;- Yochai Benkler<\\/li><li><a href=\\\"http:\\/\\/jolt.law.harvard.edu\\/articles\\/pdf\\/v26\\/26HarvJLTech165.pdf\\\">A Face Tells More than a Thousand Posts: Developing Face Recognition Privacy in Social Networks<\\/a>&nbsp;- Yana Welinder<\\/li><li><a href=\\\"http:\\/\\/jolt.law.harvard.edu\\/articles\\/pdf\\/v26\\/26HarvJLTech241.pdf\\\">Using Technology to Enhance Access to Justice<\\/a>&nbsp;- James E. Cabral, Abhijeet Chavan, Thomas M. Clarke, John Greacen, Bonnie Rose Hough, Linda Rexer, Jane Ribadeneyra & Richard Zorza<\\/li><\\/ul>\",\"5\":\"\",\"11\":{\"11\":{\"type\":\"newSection\",\"enabled\":\"1\",\"fields\":{\"heading\":\"Notes\",\"sectionContent\":\"<ul><li><a href=\\\"http:\\/\\/jolt.law.harvard.edu\\/articles\\/pdf\\/v26\\/26HarvJLTech325.pdf\\\">Fix It in the Mix: Disaggregating the Record Producer\'s Copyright<\\/a>&nbsp;- Phil Hill<\\/li><li><a href=\\\"http:\\/\\/jolt.law.harvard.edu\\/articles\\/pdf\\/v26\\/26HarvJLTech353.pdf\\\">Downloading Infringement: Patent Law as a Roadblock to the 3D Printing Revolution<\\/a>&nbsp;- Davis Doherty<\\/li><li><a href=\\\"http:\\/\\/jolt.law.harvard.edu\\/articles\\/pdf\\/v26\\/26HarvJLTech375.pdf\\\">Rethinking Risks: Should Socioeconomic and Ethical Considerations Be Incorporated into the Regulation of Genetically Modified Crops?<\\/a>&nbsp;- Dorothy Du<\\/li><li><a href=\\\"http:\\/\\/jolt.law.harvard.edu\\/articles\\/pdf\\/v26\\/26HarvJLTech403.pdf\\\">Medical Device Innovation in America: Tensions Between Food and Drug Law and Patent Law<\\/a>&nbsp;- Adam Lewin<\\/li><\\/ul>\"}}},\"14\":\"\",\"9\":{\"date\":\"4\\/1\\/2012\"},\"10\":{\"date\":\"\"}}}', '2016-03-19 02:24:55', '2016-03-19 02:24:55', 'd5645c42-b83b-424e-8a1b-abe46f55cff4'),
 ('19', '12', '3', '1', 'en_us', '1', NULL, '{\"typeId\":\"3\",\"authorId\":null,\"title\":\"Homepage\",\"slug\":\"homepage\",\"postDate\":1458410058,\"expiryDate\":null,\"enabled\":1,\"parentId\":null,\"fields\":[]}', '2016-03-19 17:54:18', '2016-03-19 17:54:18', '36fbf63d-56cf-4bff-8c8c-6cbb7ad8b671'),
 ('20', '12', '3', '1', 'en_us', '2', '', '{\"typeId\":null,\"authorId\":null,\"title\":\"Reconceptualizing the Right To Be Forgotten To Enable Transatlantic Data Flow\",\"slug\":\"homepage\",\"postDate\":1458410058,\"expiryDate\":null,\"enabled\":1,\"parentId\":null,\"fields\":{\"19\":\"Michael L. Rustad & Sanna Kulevska\",\"17\":\"<p>This Article examines the implications of the&nbsp;<i>Google Spain<\\/i>&nbsp;case as well as the full-blown impact of the proposed GDPR that is estimated to go into effect in the European Union in 2017. The central problem with the right to be forgotten as conceptualized by the CJEU and the Commission is that the expansiveness of the right threatens to cannibalize free. . .<\\/p>\"}}', '2016-03-19 17:58:32', '2016-03-19 17:58:32', 'e1aea8e1-17ca-47cf-9497-c69d013621aa'),
 ('21', '12', '3', '1', 'en_us', '3', '', '{\"typeId\":null,\"authorId\":null,\"title\":\"Reconceptualizing the Right To Be Forgotten To Enable Transatlantic Data Flow\",\"slug\":\"homepage\",\"postDate\":1458410058,\"expiryDate\":null,\"enabled\":1,\"parentId\":null,\"fields\":{\"19\":\"Michael L. Rustad & Sanna Kulevska\",\"17\":\"<p>This Article examines the implications of the&nbsp;<em>Google Spain<\\/em>&nbsp;case as well as the full-blown impact of the proposed GDPR that is estimated to go into effect in the European Union in 2017. The central problem with the right to be forgotten as conceptualized by the CJEU and the Commission is that the expansiveness of the right threatens to cannibalize free. . .<\\/p>\"}}', '2016-03-19 18:13:53', '2016-03-19 18:13:53', 'ae00e6f6-ac57-4fd8-a1d7-acf32d1ccd82'),
 ('22', '12', '3', '1', 'en_us', '4', '', '{\"typeId\":null,\"authorId\":null,\"title\":\"Reconceptualizing the Right To Be Forgotten To Enable Transatlantic Data Flow\",\"slug\":\"homepage\",\"postDate\":1458410058,\"expiryDate\":null,\"enabled\":1,\"parentId\":null,\"fields\":{\"20\":[\"13\"],\"19\":\"Michael L. Rustad & Sanna Kulevska\",\"17\":\"<p>This Article examines the implications of the&nbsp;<em>Google Spain<\\/em>&nbsp;case as well as the full-blown impact of the proposed GDPR that is estimated to go into effect in the European Union in 2017. The central problem with the right to be forgotten as conceptualized by the CJEU and the Commission is that the expansiveness of the right threatens to cannibalize free. . .<\\/p>\"}}', '2016-03-19 18:37:13', '2016-03-19 18:37:13', '339d08e6-fa96-4e3b-97de-c9a004421208'),
 ('23', '12', '3', '1', 'en_us', '5', '', '{\"typeId\":null,\"authorId\":null,\"title\":\"Reconceptualizing the Right To Be Forgotten To Enable Transatlantic Data Flow\",\"slug\":\"homepage\",\"postDate\":1458410058,\"expiryDate\":null,\"enabled\":1,\"parentId\":null,\"fields\":{\"20\":[\"13\"],\"19\":\"Michael L. Rustad & Sanna Kulevska\",\"17\":\"<p>This Article examines the implications of the&nbsp;<i>Google Spain<\\/i>&nbsp;case as well as the full-blown impact of the proposed GDPR that is estimated to go into effect in the European Union in 2017. The central problem with the right to be forgotten as conceptualized by the CJEU and the Commission is that the expansiveness of the right threatens to cannibalize free expression. Thus, this Article calls for a shrinking of the right to be forgotten to appropriately balance the right of data subjects to control personal information about themselves with free expression and the public interest in preserving history. We propose that the EU Commission operationalize free expression by narrowing the right to be forgotten for private persons, public officials, and public figures. Private persons will have the right to delete links to their own postings and repostings by third parties. They will have a right to delete links to postings created by third parties upon proof that the information serves no legitimate purpose other than to embarrass or extort payment from the data subject. Public officials and public figures will have a right to remove links to their own postings and repostings by third parties, but not postings about them by third parties, unless the third party was acting with actual malice and the posting does not implicate the public\'s right to know. In addition, all right to be forgotten requests will be subject to a general exemption for the public\'s right to know.<\\/p>\"}}', '2016-03-19 18:44:02', '2016-03-19 18:44:02', '12f79752-ef84-45e2-8740-e0b462e32e0f'),
 ('24', '12', '3', '1', 'en_us', '6', '', '{\"typeId\":null,\"authorId\":null,\"title\":\"Reconceptualizing the Right To Be Forgotten To Enable Transatlantic Data Flow\",\"slug\":\"homepage\",\"postDate\":1458410058,\"expiryDate\":null,\"enabled\":1,\"parentId\":null,\"fields\":{\"20\":[\"13\"],\"19\":\"Michael L. Rustad & Sanna Kulevska\",\"17\":\"<p>This Article examines the implications of the&nbsp;<em>Google Spain<\\/em>&nbsp;case as well as the full-blown impact of the proposed GDPR that is estimated to go into effect in the European Union in 2017. The central problem with the right to be forgotten as conceptualized by the CJEU and the Commission is that the expansiveness of the right threatens to cannibalize free expression. Thus, this Article calls for a shrinking of the right to be forgotten to appropriately balance the right of data subjects to control personal information about themselves with free expression and the public interest in preserving history. We propose that the EU Commission operationalize free expression by narrowing the right to be forgotten for private persons, public officials, and public figures. Private persons will have the right to delete links to their own postings and repostings by third parties. They will have a right to delete links to postings created by third parties upon proof that the information serves no legitimate purpose other than to embarrass or extort payment from the data subject. Public officials and public figures will have a right to remove links to their own postings and repostings by third parties, but not postings about them by third parties, unless the third party was acting with actual malice and the posting does not implicate the public\'s right to know. In addition, all right to be forgotten requests will be subject to a general exemption for the public\'s right to know.<\\/p>\",\"21\":\"<p>JOLT Digest is the online companion to the Harvard Journal of Law & Technology. The Digest features short student-written articles on recent developments in areas such as patent law, copyright, biotechnology, cybersecurity, privacy, telecommunications, and cyberlaw.<\\/p>\"}}', '2016-03-19 20:02:33', '2016-03-19 20:02:33', '18dbe46a-1047-4989-9a47-1283a27d6ba1'),
 ('25', '18', '5', '1', 'en_us', '1', '', '{\"typeId\":null,\"authorId\":\"1\",\"title\":\"1. How to get involved with JOLT\",\"slug\":\"1-how-to-get-involved-with-jolt\",\"postDate\":1458616862,\"expiryDate\":null,\"enabled\":1,\"parentId\":\"\",\"fields\":[]}', '2016-03-22 03:21:02', '2016-03-22 03:21:02', 'b9d4334d-003b-44f4-9cbc-1b5552421c5a'),
 ('26', '19', '5', '1', 'en_us', '1', '', '{\"typeId\":null,\"authorId\":\"1\",\"title\":\"Article Editor\",\"slug\":\"article-editor\",\"postDate\":1458616885,\"expiryDate\":null,\"enabled\":1,\"parentId\":\"18\",\"fields\":[]}', '2016-03-22 03:21:25', '2016-03-22 03:21:25', '44b72a00-fd2c-4e6c-a759-29f925ec27c0'),
 ('27', '20', '5', '1', 'en_us', '1', '', '{\"typeId\":null,\"authorId\":\"1\",\"title\":\"Digest Sign-ups\",\"slug\":\"digest-sign-ups\",\"postDate\":1458617588,\"expiryDate\":null,\"enabled\":1,\"parentId\":\"18\",\"fields\":[]}', '2016-03-22 03:33:08', '2016-03-22 03:33:08', 'ec25b8f1-645a-4cc6-903e-a542f60ef6a0'),
 ('28', '21', '5', '1', 'en_us', '1', '', '{\"typeId\":null,\"authorId\":\"1\",\"title\":\"Line Editor\",\"slug\":\"line-editor\",\"postDate\":1458617780,\"expiryDate\":null,\"enabled\":1,\"parentId\":\"18\",\"fields\":[]}', '2016-03-22 03:36:20', '2016-03-22 03:36:20', '21dcec96-9a95-4012-aa1f-6b0b6c24edb1'),
 ('29', '22', '5', '1', 'en_us', '1', '', '{\"typeId\":null,\"authorId\":\"1\",\"title\":\"Overview of JOLT Positions\",\"slug\":\"overview-of-jolt-positions\",\"postDate\":1458617789,\"expiryDate\":null,\"enabled\":1,\"parentId\":\"\",\"fields\":[]}', '2016-03-22 03:36:29', '2016-03-22 03:36:29', '5ccd4335-7266-4dbc-b7ad-057b5cf18d18'),
 ('30', '23', '5', '1', 'en_us', '1', '', '{\"typeId\":null,\"authorId\":\"1\",\"title\":\"Production Editor (1L)\",\"slug\":\"production-editor-1l\",\"postDate\":1458617809,\"expiryDate\":null,\"enabled\":1,\"parentId\":\"18\",\"fields\":[]}', '2016-03-22 03:36:49', '2016-03-22 03:36:49', 'ec420686-758c-4a7c-914f-58047dd95e8f'),
 ('31', '24', '5', '1', 'en_us', '1', '', '{\"typeId\":null,\"authorId\":\"1\",\"title\":\"Student Writing\",\"slug\":\"student-writing\",\"postDate\":1458617823,\"expiryDate\":null,\"enabled\":1,\"parentId\":\"18\",\"fields\":[]}', '2016-03-22 03:37:04', '2016-03-22 03:37:04', '583c2040-3c95-4abb-a972-c860a2e989b5'),
 ('32', '25', '5', '1', 'en_us', '1', '', '{\"typeId\":null,\"authorId\":\"1\",\"title\":\"Author Eligibility for Student Notes\",\"slug\":\"author-eligibility-for-student-notes\",\"postDate\":1458617836,\"expiryDate\":null,\"enabled\":1,\"parentId\":\"24\",\"fields\":[]}', '2016-03-22 03:37:16', '2016-03-22 03:37:16', 'fc977964-1266-4bd3-8a2a-27c1a677f22e'),
 ('33', '26', '5', '1', 'en_us', '1', '', '{\"typeId\":null,\"authorId\":\"1\",\"title\":\"Subciter\",\"slug\":\"subciter\",\"postDate\":1458617849,\"expiryDate\":null,\"enabled\":1,\"parentId\":\"18\",\"fields\":[]}', '2016-03-22 03:37:29', '2016-03-22 03:37:29', '00e19df7-c887-400d-9f82-9e5d38eee538'),
 ('34', '27', '5', '1', 'en_us', '1', '', '{\"typeId\":null,\"authorId\":\"1\",\"title\":\"Technology Editor\",\"slug\":\"technology-editor\",\"postDate\":1458618056,\"expiryDate\":null,\"enabled\":1,\"parentId\":\"18\",\"fields\":[]}', '2016-03-22 03:40:57', '2016-03-22 03:40:57', 'b28954c3-46fb-4af3-b3ae-e7cf9f45375c'),
 ('35', '28', '5', '1', 'en_us', '1', '', '{\"typeId\":null,\"authorId\":\"1\",\"title\":\"Advising\",\"slug\":\"advising\",\"postDate\":1458618084,\"expiryDate\":null,\"enabled\":1,\"parentId\":\"\",\"fields\":[]}', '2016-03-22 03:41:24', '2016-03-22 03:41:24', 'ae85e8dd-3e45-44eb-8a18-39a3c6893f47'),
 ('36', '18', '5', '1', 'en_us', '2', '', '{\"typeId\":\"5\",\"authorId\":\"1\",\"title\":\"How to get involved with JOLT\",\"slug\":\"1-how-to-get-involved-with-jolt\",\"postDate\":1458616860,\"expiryDate\":null,\"enabled\":1,\"parentId\":\"\",\"fields\":[]}', '2016-03-22 03:41:30', '2016-03-22 03:41:30', '0dc9fec6-1713-4062-aad2-749b2429ed65'),
 ('37', '29', '5', '1', 'en_us', '1', '', '{\"typeId\":null,\"authorId\":\"1\",\"title\":\"Big Sib Program\",\"slug\":\"big-sib-program\",\"postDate\":1458618136,\"expiryDate\":null,\"enabled\":1,\"parentId\":\"28\",\"fields\":[]}', '2016-03-22 03:42:17', '2016-03-22 03:42:17', '6876fa49-b91f-4447-ba72-a6e1347c1e7a'),
 ('38', '30', '5', '1', 'en_us', '1', '', '{\"typeId\":null,\"authorId\":\"1\",\"title\":\"Clerkship Advice\",\"slug\":\"clerkship-advice\",\"postDate\":1458618150,\"expiryDate\":null,\"enabled\":1,\"parentId\":\"28\",\"fields\":[]}', '2016-03-22 03:42:30', '2016-03-22 03:42:30', 'f14f54ff-0849-4cfc-9e07-d7c71faf36a4'),
 ('39', '31', '5', '1', 'en_us', '1', '', '{\"typeId\":null,\"authorId\":\"1\",\"title\":\"Course Advice\",\"slug\":\"course-advice\",\"postDate\":1458618163,\"expiryDate\":null,\"enabled\":1,\"parentId\":\"28\",\"fields\":[]}', '2016-03-22 03:42:44', '2016-03-22 03:42:44', '3fd7b193-6f28-44a6-9ac9-8aabce0e9cf5'),
 ('40', '32', '5', '1', 'en_us', '1', '', '{\"typeId\":null,\"authorId\":\"1\",\"title\":\"1L International Law Electives\",\"slug\":\"1l-international-law-electives\",\"postDate\":1458618182,\"expiryDate\":null,\"enabled\":1,\"parentId\":\"31\",\"fields\":[]}', '2016-03-22 03:43:02', '2016-03-22 03:43:02', 'f5aa119a-eca9-440b-aa63-9baf2fa00c1f'),
 ('41', '33', '5', '1', 'en_us', '1', '', '{\"typeId\":null,\"authorId\":\"1\",\"title\":\"Advanced IP\",\"slug\":\"advanced-ip\",\"postDate\":1458618194,\"expiryDate\":null,\"enabled\":1,\"parentId\":\"31\",\"fields\":[]}', '2016-03-22 03:43:15', '2016-03-22 03:43:15', '2f229733-8e25-4704-bcc9-990239380598'),
 ('42', '34', '5', '1', 'en_us', '1', '', '{\"typeId\":null,\"authorId\":\"1\",\"title\":\"Bankruptcy\",\"slug\":\"bankruptcy\",\"postDate\":1458618213,\"expiryDate\":null,\"enabled\":1,\"parentId\":\"31\",\"fields\":[]}', '2016-03-22 03:43:33', '2016-03-22 03:43:33', '39efdf45-05ce-44a6-ad92-2919a47dd70b'),
 ('43', '41', '6', '1', 'en_us', '1', NULL, '{\"typeId\":\"6\",\"authorId\":null,\"title\":\"JOLT Digest Index\",\"slug\":\"jolt-digest-index\",\"postDate\":1458668967,\"expiryDate\":null,\"enabled\":1,\"parentId\":null,\"fields\":[]}', '2016-03-22 17:49:27', '2016-03-22 17:49:27', '20fb4656-83d1-4940-bfc8-4dd5d92d6364'),
 ('44', '42', '7', '1', 'en_us', '1', NULL, '{\"typeId\":\"7\",\"authorId\":null,\"title\":\"Internal Wiki Index\",\"slug\":\"internal-wiki-index\",\"postDate\":1458668998,\"expiryDate\":null,\"enabled\":1,\"parentId\":null,\"fields\":[]}', '2016-03-22 17:49:58', '2016-03-22 17:49:58', 'cc253aa6-984c-4a35-aa09-e04b2c7e5415'),
 ('45', '43', '8', '1', 'en_us', '1', NULL, '{\"typeId\":\"8\",\"authorId\":null,\"title\":\"Volumes Index\",\"slug\":\"volumes-index\",\"postDate\":1458669016,\"expiryDate\":null,\"enabled\":1,\"parentId\":null,\"fields\":[]}', '2016-03-22 17:50:16', '2016-03-22 17:50:16', 'a8cdef24-e258-4bdc-804a-268bc572acac'),
 ('46', '12', '3', '1', 'en_us', '7', '', '{\"typeId\":null,\"authorId\":null,\"title\":\"Featured Article\",\"slug\":\"homepage\",\"postDate\":1458410058,\"expiryDate\":null,\"enabled\":1,\"parentId\":null,\"fields\":{\"20\":[\"13\"],\"19\":\"Michael L. Rustad & Sanna Kulevska\",\"17\":\"<p>This Article examines the implications of the&nbsp;<em>Google Spain<\\/em>&nbsp;case as well as the full-blown impact of the proposed GDPR that is estimated to go into effect in the European Union in 2017. The central problem with the right to be forgotten as conceptualized by the CJEU and the Commission is that the expansiveness of the right threatens to cannibalize free expression. Thus, this Article calls for a shrinking of the right to be forgotten to appropriately balance the right of data subjects to control personal information about themselves with free expression and the public interest in preserving history. We propose that the EU Commission operationalize free expression by narrowing the right to be forgotten for private persons, public officials, and public figures. Private persons will have the right to delete links to their own postings and repostings by third parties. They will have a right to delete links to postings created by third parties upon proof that the information serves no legitimate purpose other than to embarrass or extort payment from the data subject. Public officials and public figures will have a right to remove links to their own postings and repostings by third parties, but not postings about them by third parties, unless the third party was acting with actual malice and the posting does not implicate the public\'s right to know. In addition, all right to be forgotten requests will be subject to a general exemption for the public\'s right to know.<\\/p>\",\"27\":\"Reconceptualizing the Right To Be Forgotten To Enable Transatlantic Data Flow Current\",\"21\":\"<p>JOLT Digest is the online companion to the Harvard Journal of Law & Technology. The Digest features short student-written articles on recent developments in areas such as patent law, copyright, biotechnology, cybersecurity, privacy, telecommunications, and cyberlaw.<\\/p>\"}}', '2016-03-22 17:56:51', '2016-03-22 17:56:51', 'b77a4283-035d-4fe7-ad5d-47ef1571ae0b'),
 ('47', '49', '4', '1', 'en_us', '1', '', '{\"typeId\":null,\"authorId\":\"1\",\"title\":\"Federal Circuit Grants Privilege to Communications with non-Attorney Patent Agents\",\"slug\":\"federal-circuit-grants-privilege-to-communications-with-non-attorney-patent-agents\",\"postDate\":1458765551,\"expiryDate\":null,\"enabled\":1,\"parentId\":null,\"fields\":[]}', '2016-03-23 20:39:12', '2016-03-23 20:39:12', 'ccbf2b00-5ff6-4941-bd31-e3d6922737d1'),
 ('48', '49', '4', '1', 'en_us', '2', '', '{\"typeId\":\"4\",\"authorId\":\"1\",\"title\":\"Federal Circuit Grants Privilege to Communications with non-Attorney Patent Agents\",\"slug\":\"federal-circuit-grants-privilege-to-communications-with-non-attorney-patent-agents\",\"postDate\":1458765540,\"expiryDate\":null,\"enabled\":1,\"parentId\":null,\"fields\":{\"34\":\"\",\"33\":\"<p><i>In re Queen\\u2019s Univ. at Kingston<\\/i>, No. 2015-145 (Fed. Cir. Mar. 7, 2016), opinion available&nbsp;<a href=\\\"http:\\/\\/www.cafc.uscourts.gov\\/sites\\/default\\/files\\/opinions-orders\\/15-145.Opinion.3-3-2016.1.PDF\\\">here<\\/a>.<\\/p><p>The Court of Appeals for the Federal Circuit, by writ of mandamus, reversed an order by the U.S. District Court for the Eastern District of Texas to compel production of documents containing communications between plaintiff Queen\\u2019s University and its non-attorney patent agents.<\\/p><p>The Federal Circuit held that communications \\u201crelating to \\u2018obtaining legal advice on patentability and legal services in preparing a patent application\\u2019 will be kept privileged,\\u201d even if such communications are between a client and a non-attorney patent agent. In doing so, the court relied upon the Supreme Court\\u2019s decision in<i>&nbsp;<\\/i><a href=\\\"https:\\/\\/supreme.justia.com\\/cases\\/federal\\/us\\/373\\/379\\/case.html\\\"><i>Sperry v. State of Florida ex rel. Florida Bar<\\/i><\\/a>, 373 U.S. 379 (1963), hosted by justia.com, which had established that patent agents did practice law, albeit to a limited extent. The Circuit reasoned that protecting legal communications, even if neither party is an attorney, would serve Congress\\u2019 intent in establishing patent agents as an alternative to attorneys in this limited context. In so holding, the court established for the first time a patent-agent privilege, overcoming the general presumption against finding new forms of privilege.<br>This petition arose out of a patent infringement suit brought by Queen\\u2019s University against Samsung for alleged infringement of patented technologies that allow devices \\u201cto change their behavior based on the attentiveness of a user&mdash;for example, pausing or starting a video based on a user\\u2019s eye-contact with the device.\\u201d During discovery, Queen\\u2019s University withheld certain documents containing communications with patent agents. A magistrate judge granted a motion to compel production, which the District Court allowed over Queen\\u2019s University\\u2019s objections. Queen\\u2019s University then petitioned the Circuit for a writ of mandamus.<\\/p><p>In holding as it did, the court relied heavily on the&nbsp;<i>Sperry<\\/i>&nbsp;decision to establish that patent agents\\u2019 \\u201cpreparation and prosecution of patent applications\\u201d before the U.S. Patent and Trademark Office does \\u201cconstitute[] the practice of law.\\u201d Congress has authorized patent agents to advise clients and consider the advisability of various forms of protection, though only within a limited scope of Patent Office proceedings. The court accordingly limited the scope of the newly-created patent-agent privilege to these particular areas of patent agents\\u2019 work, cautioning that \\u201cbefore asserting the patent-agent privilege, litigants must take care to distinguish communications that are within the scope of activities authorized by Congress from those that are not.\\u201d<\\/p><p>Judge Jimmie V. Renya dissented from the majority opinion, unconvinced that patent agents\\u2019 activities warranted a departure from the general \\u201cpresumption against the creation of new privileges.\\u201d Judge Renya emphasized that the factors that lead the Supreme Court to extend privilege to psychotherapist-patient communications in&nbsp;<a href=\\\"https:\\/\\/supreme.justia.com\\/cases\\/federal\\/us\\/518\\/1\\/\\\"><i>Jaffee v. Redmond<\\/i><\\/a>, 518 U.S. 1 (1996), &nbsp;were not present here. The majority agreed that the factors cited in&nbsp;<i>Jaffee<\\/i>&nbsp;did not apply, but argued that those factors did not point&nbsp;<i>against<\\/i>&nbsp;an extension of privilege in this case. The dissent also questioned whether the legislature, rather than the court, ought to decide extensions of new privileges. In response to this, the majority pointed to 1934\\u2019s Rules Enabling Act, which allows the courts to craft the Federal Rules of Civil Procedure and of Evidence.<\\/p><p>The&nbsp;<a href=\\\"http:\\/\\/www.natlawreview.com\\/article\\/re-queen-s-university-kingston-federal-circuit-recognizes-limited-patent-agent\\\">National Law Review<\\/a>&nbsp;provides a summary of the ruling. Practitioners from&nbsp;<a href=\\\"http:\\/\\/www.lexology.com\\/library\\/detail.aspx?g=6782e46b-ce51-41ff-b04c-55c0317f6c2c\\\">Mayer Brown<\\/a>&nbsp;and&nbsp;<a href=\\\"http:\\/\\/www.lexology.com\\/library\\/detail.aspx?g=fbf25a95-a73f-47b0-bcc6-915bb43b5136\\\">Pearl Cohen<\\/a>&nbsp;have also weighed in, each highlighting the increased confidence that clients may have in communicating with their patent agents (a benefit the court had also noted). All three commentaries, however, urge caution with regard to the narrow categories of communications covered by the new patent-agent privilege. Pearl Cohen in particular speculated that new litigation might include disputes over whether communications fall within the privilege.<\\/p>\"}}', '2016-03-23 20:48:42', '2016-03-23 20:48:42', '56dfe465-8a93-42f5-8a38-9e5efa85c099'),
 ('49', '49', '4', '1', 'en_us', '3', '', '{\"typeId\":\"4\",\"authorId\":\"1\",\"title\":\"Federal Circuit Grants Privilege to Communications with non-Attorney Patent Agents\",\"slug\":\"federal-circuit-grants-privilege-to-communications-with-non-attorney-patent-agents\",\"postDate\":1458765540,\"expiryDate\":null,\"enabled\":1,\"parentId\":null,\"fields\":{\"34\":[\"50\"],\"33\":\"<p><em>In re Queen\\u2019s Univ. at Kingston<\\/em>, No. 2015-145 (Fed. Cir. Mar. 7, 2016), opinion available&nbsp;<a href=\\\"http:\\/\\/www.cafc.uscourts.gov\\/sites\\/default\\/files\\/opinions-orders\\/15-145.Opinion.3-3-2016.1.PDF\\\">here<\\/a>.<\\/p>\\r\\n\\r\\n<p>The Court of Appeals for the Federal Circuit, by writ of mandamus, reversed an order by the U.S. District Court for the Eastern District of Texas to compel production of documents containing communications between plaintiff Queen\\u2019s University and its non-attorney patent agents.<\\/p>\\r\\n\\r\\n<p>The Federal Circuit held that communications \\u201crelating to \\u2018obtaining legal advice on patentability and legal services in preparing a patent application\\u2019 will be kept privileged,\\u201d even if such communications are between a client and a non-attorney patent agent. In doing so, the court relied upon the Supreme Court\\u2019s decision in<em>&nbsp;<\\/em><a href=\\\"https:\\/\\/supreme.justia.com\\/cases\\/federal\\/us\\/373\\/379\\/case.html\\\"><em>Sperry v. State of Florida ex rel. Florida Bar<\\/em><\\/a>, 373 U.S. 379 (1963), hosted by justia.com, which had established that patent agents did practice law, albeit to a limited extent. The Circuit reasoned that protecting legal communications, even if neither party is an attorney, would serve Congress\\u2019 intent in establishing patent agents as an alternative to attorneys in this limited context. In so holding, the court established for the first time a patent-agent privilege, overcoming the general presumption against finding new forms of privilege.<br>This petition arose out of a patent infringement suit brought by Queen\\u2019s University against Samsung for alleged infringement of patented technologies that allow devices \\u201cto change their behavior based on the attentiveness of a user&mdash;for example, pausing or starting a video based on a user\\u2019s eye-contact with the device.\\u201d During discovery, Queen\\u2019s University withheld certain documents containing communications with patent agents. A magistrate judge granted a motion to compel production, which the District Court allowed over Queen\\u2019s University\\u2019s objections. Queen\\u2019s University then petitioned the Circuit for a writ of mandamus.<\\/p>\\r\\n\\r\\n<p>In holding as it did, the court relied heavily on the&nbsp;<em>Sperry<\\/em>&nbsp;decision to establish that patent agents\\u2019 \\u201cpreparation and prosecution of patent applications\\u201d before the U.S. Patent and Trademark Office does \\u201cconstitute[] the practice of law.\\u201d Congress has authorized patent agents to advise clients and consider the advisability of various forms of protection, though only within a limited scope of Patent Office proceedings. The court accordingly limited the scope of the newly-created patent-agent privilege to these particular areas of patent agents\\u2019 work, cautioning that \\u201cbefore asserting the patent-agent privilege, litigants must take care to distinguish communications that are within the scope of activities authorized by Congress from those that are not.\\u201d<\\/p>\\r\\n\\r\\n<p>Judge Jimmie V. Renya dissented from the majority opinion, unconvinced that patent agents\\u2019 activities warranted a departure from the general \\u201cpresumption against the creation of new privileges.\\u201d Judge Renya emphasized that the factors that lead the Supreme Court to extend privilege to psychotherapist-patient communications in&nbsp;<a href=\\\"https:\\/\\/supreme.justia.com\\/cases\\/federal\\/us\\/518\\/1\\/\\\"><em>Jaffee v. Redmond<\\/em><\\/a>, 518 U.S. 1 (1996), &nbsp;were not present here. The majority agreed that the factors cited in&nbsp;<em>Jaffee<\\/em>&nbsp;did not apply, but argued that those factors did not point&nbsp;<em>against<\\/em>&nbsp;an extension of privilege in this case. The dissent also questioned whether the legislature, rather than the court, ought to decide extensions of new privileges. In response to this, the majority pointed to 1934\\u2019s Rules Enabling Act, which allows the courts to craft the Federal Rules of Civil Procedure and of Evidence.<\\/p>\\r\\n\\r\\n<p>The&nbsp;<a href=\\\"http:\\/\\/www.natlawreview.com\\/article\\/re-queen-s-university-kingston-federal-circuit-recognizes-limited-patent-agent\\\">National Law Review<\\/a>&nbsp;provides a summary of the ruling. Practitioners from&nbsp;<a href=\\\"http:\\/\\/www.lexology.com\\/library\\/detail.aspx?g=6782e46b-ce51-41ff-b04c-55c0317f6c2c\\\">Mayer Brown<\\/a>&nbsp;and&nbsp;<a href=\\\"http:\\/\\/www.lexology.com\\/library\\/detail.aspx?g=fbf25a95-a73f-47b0-bcc6-915bb43b5136\\\">Pearl Cohen<\\/a>&nbsp;have also weighed in, each highlighting the increased confidence that clients may have in communicating with their patent agents (a benefit the court had also noted). All three commentaries, however, urge caution with regard to the narrow categories of communications covered by the new patent-agent privilege. Pearl Cohen in particular speculated that new litigation might include disputes over whether communications fall within the privilege.<\\/p>\"}}', '2016-03-23 20:51:05', '2016-03-23 20:51:05', '578f08b7-b0c4-4e46-8148-7b534fdc0bc4'),
 ('50', '49', '4', '1', 'en_us', '4', '', '{\"typeId\":\"4\",\"authorId\":\"1\",\"title\":\"Federal Circuit Grants Privilege to Communications with non-Attorney Patent Agents\",\"slug\":\"federal-circuit-grants-privilege-to-communications-with-non-attorney-patent-agents\",\"postDate\":1458765540,\"expiryDate\":null,\"enabled\":1,\"parentId\":null,\"fields\":{\"34\":[\"52\"],\"33\":\"<p><em>In re Queen\\u2019s Univ. at Kingston<\\/em>, No. 2015-145 (Fed. Cir. Mar. 7, 2016), opinion available&nbsp;<a href=\\\"http:\\/\\/www.cafc.uscourts.gov\\/sites\\/default\\/files\\/opinions-orders\\/15-145.Opinion.3-3-2016.1.PDF\\\">here<\\/a>.<\\/p>\\r\\n\\r\\n<p>The Court of Appeals for the Federal Circuit, by writ of mandamus, reversed an order by the U.S. District Court for the Eastern District of Texas to compel production of documents containing communications between plaintiff Queen\\u2019s University and its non-attorney patent agents.<\\/p>\\r\\n\\r\\n\\r\\n\\r\\n<p>The Federal Circuit held that communications \\u201crelating to \\u2018obtaining legal advice on patentability and legal services in preparing a patent application\\u2019 will be kept privileged,\\u201d even if such communications are between a client and a non-attorney patent agent. In doing so, the court relied upon the Supreme Court\\u2019s decision in<em>&nbsp;<\\/em><a href=\\\"https:\\/\\/supreme.justia.com\\/cases\\/federal\\/us\\/373\\/379\\/case.html\\\"><em>Sperry v. State of Florida ex rel. Florida Bar<\\/em><\\/a>, 373 U.S. 379 (1963), hosted by justia.com, which had established that patent agents did practice law, albeit to a limited extent. The Circuit reasoned that protecting legal communications, even if neither party is an attorney, would serve Congress\\u2019 intent in establishing patent agents as an alternative to attorneys in this limited context. In so holding, the court established for the first time a patent-agent privilege, overcoming the general presumption against finding new forms of privilege.<br>This petition arose out of a patent infringement suit brought by Queen\\u2019s University against Samsung for alleged infringement of patented technologies that allow devices \\u201cto change their behavior based on the attentiveness of a user&mdash;for example, pausing or starting a video based on a user\\u2019s eye-contact with the device.\\u201d During discovery, Queen\\u2019s University withheld certain documents containing communications with patent agents. A magistrate judge granted a motion to compel production, which the District Court allowed over Queen\\u2019s University\\u2019s objections. Queen\\u2019s University then petitioned the Circuit for a writ of mandamus.<\\/p>\\r\\n\\r\\n\\r\\n\\r\\n<p>In holding as it did, the court relied heavily on the&nbsp;<em>Sperry<\\/em>&nbsp;decision to establish that patent agents\\u2019 \\u201cpreparation and prosecution of patent applications\\u201d before the U.S. Patent and Trademark Office does \\u201cconstitute[] the practice of law.\\u201d Congress has authorized patent agents to advise clients and consider the advisability of various forms of protection, though only within a limited scope of Patent Office proceedings. The court accordingly limited the scope of the newly-created patent-agent privilege to these particular areas of patent agents\\u2019 work, cautioning that \\u201cbefore asserting the patent-agent privilege, litigants must take care to distinguish communications that are within the scope of activities authorized by Congress from those that are not.\\u201d<\\/p>\\r\\n\\r\\n\\r\\n\\r\\n<p>Judge Jimmie V. Renya dissented from the majority opinion, unconvinced that patent agents\\u2019 activities warranted a departure from the general \\u201cpresumption against the creation of new privileges.\\u201d Judge Renya emphasized that the factors that lead the Supreme Court to extend privilege to psychotherapist-patient communications in&nbsp;<a href=\\\"https:\\/\\/supreme.justia.com\\/cases\\/federal\\/us\\/518\\/1\\/\\\"><em>Jaffee v. Redmond<\\/em><\\/a>, 518 U.S. 1 (1996), &nbsp;were not present here. The majority agreed that the factors cited in&nbsp;<em>Jaffee<\\/em>&nbsp;did not apply, but argued that those factors did not point&nbsp;<em>against<\\/em>&nbsp;an extension of privilege in this case. The dissent also questioned whether the legislature, rather than the court, ought to decide extensions of new privileges. In response to this, the majority pointed to 1934\\u2019s Rules Enabling Act, which allows the courts to craft the Federal Rules of Civil Procedure and of Evidence.<\\/p>\\r\\n\\r\\n\\r\\n\\r\\n<p>The&nbsp;<a href=\\\"http:\\/\\/www.natlawreview.com\\/article\\/re-queen-s-university-kingston-federal-circuit-recognizes-limited-patent-agent\\\">National Law Review<\\/a>&nbsp;provides a summary of the ruling. Practitioners from&nbsp;<a href=\\\"http:\\/\\/www.lexology.com\\/library\\/detail.aspx?g=6782e46b-ce51-41ff-b04c-55c0317f6c2c\\\">Mayer Brown<\\/a>&nbsp;and&nbsp;<a href=\\\"http:\\/\\/www.lexology.com\\/library\\/detail.aspx?g=fbf25a95-a73f-47b0-bcc6-915bb43b5136\\\">Pearl Cohen<\\/a>&nbsp;have also weighed in, each highlighting the increased confidence that clients may have in communicating with their patent agents (a benefit the court had also noted). All three commentaries, however, urge caution with regard to the narrow categories of communications covered by the new patent-agent privilege. Pearl Cohen in particular speculated that new litigation might include disputes over whether communications fall within the privilege.<\\/p>\"}}', '2016-03-23 20:58:50', '2016-03-23 20:58:50', 'e1e207da-b4d7-417e-903e-18ce4b73c1b6'),
 ('51', '49', '4', '1', 'en_us', '5', '', '{\"typeId\":\"4\",\"authorId\":\"1\",\"title\":\"Federal Circuit Grants Privilege to Communications with non-Attorney Patent Agents\",\"slug\":\"federal-circuit-grants-privilege-to-communications-with-non-attorney-patent-agents\",\"postDate\":1458765540,\"expiryDate\":null,\"enabled\":1,\"parentId\":null,\"fields\":{\"35\":\"By Kevin Crenny - Edited by Stacy Ruegilin\",\"34\":[\"52\"],\"33\":\"<p><em>In re Queen\\u2019s Univ. at Kingston<\\/em>, No. 2015-145 (Fed. Cir. Mar. 7, 2016), opinion available&nbsp;<a href=\\\"http:\\/\\/www.cafc.uscourts.gov\\/sites\\/default\\/files\\/opinions-orders\\/15-145.Opinion.3-3-2016.1.PDF\\\">here<\\/a>.<\\/p>\\r\\n\\r\\n<p>The Court of Appeals for the Federal Circuit, by writ of mandamus, reversed an order by the U.S. District Court for the Eastern District of Texas to compel production of documents containing communications between plaintiff Queen\\u2019s University and its non-attorney patent agents.<\\/p>\\r\\n\\r\\n\\r\\n\\r\\n\\r\\n\\r\\n<p>The Federal Circuit held that communications \\u201crelating to \\u2018obtaining legal advice on patentability and legal services in preparing a patent application\\u2019 will be kept privileged,\\u201d even if such communications are between a client and a non-attorney patent agent. In doing so, the court relied upon the Supreme Court\\u2019s decision in<em>&nbsp;<\\/em><a href=\\\"https:\\/\\/supreme.justia.com\\/cases\\/federal\\/us\\/373\\/379\\/case.html\\\"><em>Sperry v. State of Florida ex rel. Florida Bar<\\/em><\\/a>, 373 U.S. 379 (1963), hosted by justia.com, which had established that patent agents did practice law, albeit to a limited extent. The Circuit reasoned that protecting legal communications, even if neither party is an attorney, would serve Congress\\u2019 intent in establishing patent agents as an alternative to attorneys in this limited context. In so holding, the court established for the first time a patent-agent privilege, overcoming the general presumption against finding new forms of privilege.<br>This petition arose out of a patent infringement suit brought by Queen\\u2019s University against Samsung for alleged infringement of patented technologies that allow devices \\u201cto change their behavior based on the attentiveness of a user&mdash;for example, pausing or starting a video based on a user\\u2019s eye-contact with the device.\\u201d During discovery, Queen\\u2019s University withheld certain documents containing communications with patent agents. A magistrate judge granted a motion to compel production, which the District Court allowed over Queen\\u2019s University\\u2019s objections. Queen\\u2019s University then petitioned the Circuit for a writ of mandamus.<\\/p>\\r\\n\\r\\n\\r\\n\\r\\n\\r\\n\\r\\n<p>In holding as it did, the court relied heavily on the&nbsp;<em>Sperry<\\/em>&nbsp;decision to establish that patent agents\\u2019 \\u201cpreparation and prosecution of patent applications\\u201d before the U.S. Patent and Trademark Office does \\u201cconstitute[] the practice of law.\\u201d Congress has authorized patent agents to advise clients and consider the advisability of various forms of protection, though only within a limited scope of Patent Office proceedings. The court accordingly limited the scope of the newly-created patent-agent privilege to these particular areas of patent agents\\u2019 work, cautioning that \\u201cbefore asserting the patent-agent privilege, litigants must take care to distinguish communications that are within the scope of activities authorized by Congress from those that are not.\\u201d<\\/p>\\r\\n\\r\\n\\r\\n\\r\\n\\r\\n\\r\\n<p>Judge Jimmie V. Renya dissented from the majority opinion, unconvinced that patent agents\\u2019 activities warranted a departure from the general \\u201cpresumption against the creation of new privileges.\\u201d Judge Renya emphasized that the factors that lead the Supreme Court to extend privilege to psychotherapist-patient communications in&nbsp;<a href=\\\"https:\\/\\/supreme.justia.com\\/cases\\/federal\\/us\\/518\\/1\\/\\\"><em>Jaffee v. Redmond<\\/em><\\/a>, 518 U.S. 1 (1996), &nbsp;were not present here. The majority agreed that the factors cited in&nbsp;<em>Jaffee<\\/em>&nbsp;did not apply, but argued that those factors did not point&nbsp;<em>against<\\/em>&nbsp;an extension of privilege in this case. The dissent also questioned whether the legislature, rather than the court, ought to decide extensions of new privileges. In response to this, the majority pointed to 1934\\u2019s Rules Enabling Act, which allows the courts to craft the Federal Rules of Civil Procedure and of Evidence.<\\/p>\\r\\n\\r\\n\\r\\n\\r\\n\\r\\n\\r\\n<p>The&nbsp;<a href=\\\"http:\\/\\/www.natlawreview.com\\/article\\/re-queen-s-university-kingston-federal-circuit-recognizes-limited-patent-agent\\\">National Law Review<\\/a>&nbsp;provides a summary of the ruling. Practitioners from&nbsp;<a href=\\\"http:\\/\\/www.lexology.com\\/library\\/detail.aspx?g=6782e46b-ce51-41ff-b04c-55c0317f6c2c\\\">Mayer Brown<\\/a>&nbsp;and&nbsp;<a href=\\\"http:\\/\\/www.lexology.com\\/library\\/detail.aspx?g=fbf25a95-a73f-47b0-bcc6-915bb43b5136\\\">Pearl Cohen<\\/a>&nbsp;have also weighed in, each highlighting the increased confidence that clients may have in communicating with their patent agents (a benefit the court had also noted). All three commentaries, however, urge caution with regard to the narrow categories of communications covered by the new patent-agent privilege. Pearl Cohen in particular speculated that new litigation might include disputes over whether communications fall within the privilege.<\\/p>\"}}', '2016-03-23 20:59:08', '2016-03-23 20:59:08', '714e3964-f054-4ea7-af4c-ea7347946cad'),
 ('52', '54', '4', '1', 'en_us', '1', '', '{\"typeId\":null,\"authorId\":\"1\",\"title\":\"Flash Digest: News in Brief\",\"slug\":\"flash-digest-news-in-brief\",\"postDate\":1458766957,\"expiryDate\":null,\"enabled\":1,\"parentId\":null,\"fields\":{\"35\":\"By Gia Velasquez \\u2013 Edited by Olga Slobodyanyuk\",\"34\":[\"53\"],\"33\":\"<h3>The Federal Aviation Association Implements a Mandatory Registration Process for Drones<\\/h3><p><the federal=\\\"\\\" aviation=\\\"\\\" association=\\\"\\\" implements=\\\"\\\" a=\\\"\\\" mandatory=\\\"\\\" registration=\\\"\\\" process=\\\"\\\" for=\\\"\\\" drones=\\\"\\\">The&nbsp;<a href=\\\"https:\\/\\/www.faa.gov\\/news\\/press_releases\\/news_story.cfm?newsId=19856\\\">mandatory registration process of small unmanned aircraft<\\/a>(UAS) by the Federal Aviation Association (FAA) in December drew<a href=\\\"https:\\/\\/www.modelaircraft.org\\/gov\\/docs\\/AMAAnalysis-Closer-Look-at-FAA-Drone-Data_091415.pdf\\\">considerable speculation<\\/a>&nbsp;regarding the necessity of the registration process.&nbsp;<a href=\\\"http:\\/\\/mercatus.org\\/publication\\/do-consumer-drones-endanger-national-airspace-evidence-wildlife-strike-data\\\">Researchers at George Mason University\\u2019s Mercatus Center<\\/a>&nbsp;investigated the risk of small drones on air traffic by studying the effects of wildlife collisions with aircraft and estimate that \\u201cone damaging incident will occur no more than every 1.87 million years of 2kg UAS flight time.\\u201d The study acknowledges that UAS may be more damaging to aircraft than wildlife, but conclude that the probability of a collision occurring is \\u201cat an acceptable level.\\u201d<\\/the><\\/p><h3><the federal=\\\"\\\" aviation=\\\"\\\" association=\\\"\\\" implements=\\\"\\\" a=\\\"\\\" mandatory=\\\"\\\" registration=\\\"\\\" process=\\\"\\\" for=\\\"\\\" drones=\\\"\\\">The FDA Expedites the Review Process for Generic Pharmaceutical Drugs<br><\\/the><\\/h3><p><the federal=\\\"\\\" aviation=\\\"\\\" association=\\\"\\\" implements=\\\"\\\" a=\\\"\\\" mandatory=\\\"\\\" registration=\\\"\\\" process=\\\"\\\" for=\\\"\\\" drones=\\\"\\\"><the fda=\\\"\\\" expedites=\\\"\\\" the=\\\"\\\" review=\\\"\\\" process=\\\"\\\" for=\\\"\\\" generic=\\\"\\\" pharmaceutical=\\\"\\\" drugs=\\\"\\\">The Food and Drug Administration has introduced an expedited&nbsp;<a href=\\\"http:\\/\\/www.fda.gov\\/downloads\\/AboutFDA\\/CentersOffices\\/OfficeofMedicalProductsandTobacco\\/CDER\\/ManualofPoliciesProcedures\\/UCM407849.pdf?source=govdelivery&utm_medium=email&utm_source=govdelivery\\\">review process<\\/a>&nbsp;for generic pharmaceutical drugs that would compete with an off-patent drug produced by a single company. When a patent expires, the patent holder can raise drug prices because of its exclusive hold on the market, making it unattractive for new producers to join. Estimating the change will affect as many as&nbsp;<a href=\\\"http:\\/\\/www.bloomberg.com\\/news\\/articles\\/2016-03-14\\/shkreli-s-strategy-to-jack-up-drug-prices-may-be-curbed-by-fda\\\">125 generic drugs<\\/a>, the FDA hopes to foil plans of drug manufacturers such as&nbsp;<a href=\\\"http:\\/\\/www.bbc.com\\/news\\/world-us-canada-34331761\\\">Martin Shkreli<\\/a>, the former CEO of Turing Pharmaceuticals, who famously increased the price of an antiparasitic drug tablet from $13.50 to $750.<\\/the><\\/the><\\/p><h3><the federal=\\\"\\\" aviation=\\\"\\\" association=\\\"\\\" implements=\\\"\\\" a=\\\"\\\" mandatory=\\\"\\\" registration=\\\"\\\" process=\\\"\\\" for=\\\"\\\" drones=\\\"\\\"><the fda=\\\"\\\" expedites=\\\"\\\" the=\\\"\\\" review=\\\"\\\" process=\\\"\\\" for=\\\"\\\" generic=\\\"\\\" pharmaceutical=\\\"\\\" drugs=\\\"\\\">Senate Rejects GMO Labeling Bill<\\/the><\\/the><\\/h3><p><the federal=\\\"\\\" aviation=\\\"\\\" association=\\\"\\\" implements=\\\"\\\" a=\\\"\\\" mandatory=\\\"\\\" registration=\\\"\\\" process=\\\"\\\" for=\\\"\\\" drones=\\\"\\\"><the fda=\\\"\\\" expedites=\\\"\\\" the=\\\"\\\" review=\\\"\\\" process=\\\"\\\" for=\\\"\\\" generic=\\\"\\\" pharmaceutical=\\\"\\\" drugs=\\\"\\\"><strong><b><\\/b><\\/strong><\\/the><\\/the>The Senate rejected a&nbsp;<a href=\\\"http:\\/\\/www.npr.org\\/sections\\/thesalt\\/2016\\/03\\/16\\/470677241\\/bill-that-would-block-states-from-mandating-gmo-labels-stalls-in-senate\\\">bill<\\/a>&nbsp;that would have established voluntary labeling of genetically modified organisms (GMO). Democrat&nbsp;<a href=\\\"http:\\/\\/www.nytimes.com\\/2016\\/03\\/16\\/business\\/senate-to-vote-on-gmo-food-labeling-bill.html?rref=collection%2Ftimestopic%2FGenetically%20Modified%20Food&action=click&contentCollection=timestopics&region=stream&module=stream_unit&version=latest&contentPlacement=1&pgtype=collection&_r=1\\\">Senator Jon Tester<\\/a>&nbsp;and organic farmer from Montana called the bill a \\u201cbad, bad, bad policy\\u201d because the voluntary standards \\u201care no standards at all.\\u201d If it had passed, the bill would have preempted&nbsp;<a href=\\\"http:\\/\\/www.heritage.org\\/research\\/reports\\/2015\\/11\\/vermont-lawsuit-a-test-case-for-gmo-labeling-laws-and-the-first-amendment\\\">Vermont\\u2019s mandatory GMO labeling law<\\/a>, which is scheduled to take effect on July 1, 2016. Though GMO labeling is a highly disputed issue,&nbsp;<a href=\\\"http:\\/\\/www.forbes.com\\/sites\\/dalebuss\\/2014\\/02\\/20\\/americans-still-arent-buying-gmo-gospel-ask-general-mills\\/#c3153ae1d06a\\\">General Mills<\\/a>&nbsp;received no sales benefit from labeling Cheerios\\u00ae as GMO-free.<\\/p>\"}}', '2016-03-23 21:02:38', '2016-03-23 21:02:38', 'c944af49-42dc-42f4-8c3e-f9fe0e5bde2d');



DROP TABLE IF EXISTS `craft_fieldgroups`;


--
-- Schema for table `craft_fieldgroups`
--
CREATE TABLE `craft_fieldgroups` (
  `id` int(11) NOT NULL AUTO_INCREMENT,
  `name` varchar(255) COLLATE utf8_unicode_ci NOT NULL,
  `dateCreated` datetime NOT NULL,
  `dateUpdated` datetime NOT NULL,
  `uid` char(36) COLLATE utf8_unicode_ci NOT NULL DEFAULT '0',
  PRIMARY KEY (`id`),
  UNIQUE KEY `craft_fieldgroups_name_unq_idx` (`name`)
) ENGINE=InnoDB AUTO_INCREMENT=8 DEFAULT CHARSET=utf8 COLLATE=utf8_unicode_ci;

--
-- Data for table `craft_fieldgroups`
--

INSERT INTO `craft_fieldgroups` (`id`, `name`, `dateCreated`, `dateUpdated`, `uid`) VALUES
 ('1', 'Default', '2016-03-16 02:57:46', '2016-03-16 02:57:46', '005e1cec-aff4-4308-b904-426f92ba040c'),
 ('3', 'Volume', '2016-03-19 01:42:05', '2016-03-23 20:39:43', '72564b00-4993-4aa9-b205-0516662d4432'),
 ('4', 'Homepage', '2016-03-19 19:57:40', '2016-03-19 19:57:40', '68167c25-a027-4bfa-ac35-b2e1acc669a9'),
 ('5', 'Footer', '2016-03-22 03:59:15', '2016-03-22 03:59:15', '90a64159-6833-4c39-b664-4ce4389078fd'),
 ('6', 'Contact Information', '2016-03-22 04:05:07', '2016-03-22 04:05:07', '25c6185c-3e0a-4860-acd9-1716cf3c1775'),
 ('7', 'JOLT Digest', '2016-03-23 20:40:30', '2016-03-23 20:40:30', 'aad95db7-7db3-4a39-9442-0597c733f85c');



DROP TABLE IF EXISTS `craft_fieldlayoutfields`;


--
-- Schema for table `craft_fieldlayoutfields`
--
CREATE TABLE `craft_fieldlayoutfields` (
  `id` int(11) NOT NULL AUTO_INCREMENT,
  `layoutId` int(11) NOT NULL,
  `tabId` int(11) NOT NULL,
  `fieldId` int(11) NOT NULL,
  `required` tinyint(1) unsigned NOT NULL DEFAULT '0',
  `sortOrder` smallint(6) unsigned DEFAULT NULL,
  `dateCreated` datetime NOT NULL,
  `dateUpdated` datetime NOT NULL,
  `uid` char(36) COLLATE utf8_unicode_ci NOT NULL DEFAULT '0',
  PRIMARY KEY (`id`),
  UNIQUE KEY `craft_fieldlayoutfields_layoutId_fieldId_unq_idx` (`layoutId`,`fieldId`),
  KEY `craft_fieldlayoutfields_sortOrder_idx` (`sortOrder`),
  KEY `craft_fieldlayoutfields_tabId_fk` (`tabId`),
  KEY `craft_fieldlayoutfields_fieldId_fk` (`fieldId`)
) ENGINE=InnoDB AUTO_INCREMENT=104 DEFAULT CHARSET=utf8 COLLATE=utf8_unicode_ci;

--
-- Data for table `craft_fieldlayoutfields`
--

INSERT INTO `craft_fieldlayoutfields` (`id`, `layoutId`, `tabId`, `fieldId`, `required`, `sortOrder`, `dateCreated`, `dateUpdated`, `uid`) VALUES
 ('53', '17', '20', '12', '0', '1', '2016-03-19 02:13:21', '2016-03-19 02:13:21', '8e2ca655-3393-49ac-8f28-53e612b01357'),
 ('54', '17', '20', '13', '0', '2', '2016-03-19 02:13:21', '2016-03-19 02:13:21', 'd32cded3-b44a-4768-a437-27f47f19739c'),
 ('55', '18', '21', '15', '0', '1', '2016-03-19 02:17:10', '2016-03-19 02:17:10', 'f9110769-4e9e-45c7-bbb4-2bf173f70a9e'),
 ('56', '18', '21', '16', '0', '2', '2016-03-19 02:17:10', '2016-03-19 02:17:10', '0742ad86-ed1d-4792-920b-81427763036c'),
 ('57', '19', '22', '9', '1', '1', '2016-03-19 02:17:25', '2016-03-19 02:17:25', 'b1c569ff-0c5c-47d5-86ef-3b00a251d536'),
 ('58', '19', '22', '3', '1', '2', '2016-03-19 02:17:25', '2016-03-19 02:17:25', 'e4e87cf8-3a79-49ed-b422-d207cd558519'),
 ('59', '19', '22', '11', '0', '3', '2016-03-19 02:17:25', '2016-03-19 02:17:25', '51155408-5a20-4de9-b739-f31aaf6ba476'),
 ('60', '19', '23', '10', '0', '1', '2016-03-19 02:17:25', '2016-03-19 02:17:25', 'f1bb4189-e8a1-4940-901a-94a270cfe440'),
 ('61', '19', '23', '5', '0', '2', '2016-03-19 02:17:25', '2016-03-19 02:17:25', '49bdbd41-4659-426a-9992-0a98dd46f6c3'),
 ('62', '19', '23', '14', '0', '3', '2016-03-19 02:17:25', '2016-03-19 02:17:25', 'd21aa1e4-ae00-42e2-b1af-d5cad931f021'),
 ('77', '35', '31', '22', '0', '1', '2016-03-22 04:04:36', '2016-03-22 04:04:36', 'eed7c3d0-fda4-41f2-b913-8ba0e06e27b7'),
 ('78', '36', '32', '24', '0', '1', '2016-03-22 04:05:36', '2016-03-22 04:05:36', '4385dbec-8df8-469a-9fba-1fe39f681479'),
 ('79', '36', '32', '25', '0', '2', '2016-03-22 04:05:36', '2016-03-22 04:05:36', '73ae8211-dd18-4890-9b57-42c929609094'),
 ('80', '37', '33', '23', '0', '1', '2016-03-22 04:19:11', '2016-03-22 04:19:11', 'e2ad2bec-ad43-4426-b23e-3206ad07db83'),
 ('81', '37', '33', '26', '0', '2', '2016-03-22 04:19:11', '2016-03-22 04:19:11', '90877fe8-cec7-41dc-b1cf-9a77f2915feb'),
 ('82', '41', '34', '22', '0', '1', '2016-03-22 17:54:33', '2016-03-22 17:54:33', '3699fae7-01ca-4c8c-98a0-41652de76e4d'),
 ('88', '43', '36', '27', '0', '1', '2016-03-22 17:56:39', '2016-03-22 17:56:39', 'f0575c09-7685-4f24-95ea-3fe34b241ede'),
 ('89', '43', '36', '19', '0', '2', '2016-03-22 17:56:39', '2016-03-22 17:56:39', 'f3379cd6-92ab-4f1a-8597-9d87e25d9914'),
 ('90', '43', '36', '17', '0', '3', '2016-03-22 17:56:39', '2016-03-22 17:56:39', '7bd85d11-14ec-410d-be13-e7318cea2ded'),
 ('91', '43', '36', '20', '0', '4', '2016-03-22 17:56:39', '2016-03-22 17:56:39', '5379d2a9-078a-4a56-b55f-d7176d8fc60d'),
 ('92', '43', '36', '21', '0', '5', '2016-03-22 17:56:39', '2016-03-22 17:56:39', '57436a2b-e2df-471b-b14d-04975950c0b2'),
 ('93', '45', '37', '29', '0', '1', '2016-03-22 18:15:06', '2016-03-22 18:15:06', '464178c0-95af-432f-ab12-798254c27a9e'),
 ('94', '45', '37', '30', '1', '2', '2016-03-22 18:15:06', '2016-03-22 18:15:06', '09b86398-d88c-4a23-9756-4118af6e73e3'),
 ('95', '46', '38', '31', '1', '1', '2016-03-22 18:15:08', '2016-03-22 18:15:08', '45e09e53-a019-4486-8902-a1b476a09f96'),
 ('96', '46', '38', '32', '1', '2', '2016-03-22 18:15:08', '2016-03-22 18:15:08', 'd648ec4e-ecbe-4fa7-af3e-cf3a26cbaa68'),
 ('97', '47', '39', '28', '0', '1', '2016-03-22 18:15:25', '2016-03-22 18:15:25', 'e57c37a0-6536-4d0e-91b6-862dd6605d19'),
 ('98', '48', '40', '20', '0', '1', '2016-03-23 20:43:53', '2016-03-23 20:43:53', '6072d900-6f75-4250-88e8-2c5d4860107b'),
 ('101', '50', '42', '35', '0', '1', '2016-03-23 20:58:42', '2016-03-23 20:58:42', '4f2f7d10-b0d4-4e71-8e94-eb9c78988d09'),
 ('102', '50', '42', '34', '0', '2', '2016-03-23 20:58:42', '2016-03-23 20:58:42', 'ced07c9b-385e-44ff-b174-b46756ddedf6'),
 ('103', '50', '42', '33', '0', '3', '2016-03-23 20:58:42', '2016-03-23 20:58:42', '135ebd25-4957-4335-b63b-a3442fb29881');



DROP TABLE IF EXISTS `craft_fieldlayouts`;


--
-- Schema for table `craft_fieldlayouts`
--
CREATE TABLE `craft_fieldlayouts` (
  `id` int(11) NOT NULL AUTO_INCREMENT,
  `type` varchar(150) COLLATE utf8_unicode_ci NOT NULL,
  `dateCreated` datetime NOT NULL,
  `dateUpdated` datetime NOT NULL,
  `uid` char(36) COLLATE utf8_unicode_ci NOT NULL DEFAULT '0',
  PRIMARY KEY (`id`),
  KEY `craft_fieldlayouts_type_idx` (`type`)
) ENGINE=InnoDB AUTO_INCREMENT=51 DEFAULT CHARSET=utf8 COLLATE=utf8_unicode_ci;

--
-- Data for table `craft_fieldlayouts`
--

INSERT INTO `craft_fieldlayouts` (`id`, `type`, `dateCreated`, `dateUpdated`, `uid`) VALUES
 ('1', 'Tag', '2016-03-16 02:57:46', '2016-03-16 02:57:46', '75c1e929-7f4c-4516-8dc7-4fa62c8bbda6'),
 ('3', 'Entry', '2016-03-16 02:57:48', '2016-03-16 02:57:48', '2d3ed709-9c4e-4aea-a025-c29d4c09b6eb'),
 ('17', 'MatrixBlock', '2016-03-19 02:13:21', '2016-03-19 02:13:21', '1d02f86d-dea2-4289-adab-ccce54d4aeb6'),
 ('18', 'MatrixBlock', '2016-03-19 02:17:10', '2016-03-19 02:17:10', 'c6164137-ef2e-48ad-8407-c714b2f7c3b0'),
 ('19', 'Entry', '2016-03-19 02:17:25', '2016-03-19 02:17:25', '1754a46d-a08f-4002-b33c-2968a196fd9d'),
 ('25', 'Asset', '2016-03-19 18:36:40', '2016-03-19 18:36:40', '4cc2c4a0-1956-47b7-9311-f15c13786fa4'),
 ('28', 'Category', '2016-03-22 02:17:30', '2016-03-22 02:17:30', '84c4615d-5269-43d2-a1f0-e9b4a7ee236c'),
 ('29', 'Entry', '2016-03-22 02:21:02', '2016-03-22 02:21:02', '03551b23-5ad8-4e67-99fc-f17305f6252d'),
 ('35', 'GlobalSet', '2016-03-22 04:04:36', '2016-03-22 04:04:36', '5f417345-f2a4-42bd-84aa-00503789cecc'),
 ('36', 'GlobalSet', '2016-03-22 04:05:36', '2016-03-22 04:05:36', '95187c4a-996c-4b78-9492-0b5c61dbd770'),
 ('37', 'MatrixBlock', '2016-03-22 04:19:11', '2016-03-22 04:19:11', '68835d43-3b98-484c-9e02-b9d596c4c6c5'),
 ('38', 'Entry', '2016-03-22 17:49:27', '2016-03-22 17:49:27', '35b709c6-ec34-4af5-83e5-def7ff489703'),
 ('39', 'Entry', '2016-03-22 17:49:58', '2016-03-22 17:49:58', '841a8ede-6ca4-4015-bc60-00050a11495e'),
 ('41', 'Entry', '2016-03-22 17:54:33', '2016-03-22 17:54:33', '876d12cd-b561-48cf-aed5-d3f728021ad1'),
 ('43', 'Entry', '2016-03-22 17:56:39', '2016-03-22 17:56:39', '08d26ed5-efeb-44b4-ac08-e2f51c955699'),
 ('45', 'MatrixBlock', '2016-03-22 18:15:06', '2016-03-22 18:15:06', '18589bc8-4ac7-4929-99b5-b8a88be595ff'),
 ('46', 'MatrixBlock', '2016-03-22 18:15:08', '2016-03-22 18:15:08', 'f27d6af9-7728-44e5-b848-df42e941add7'),
 ('47', 'GlobalSet', '2016-03-22 18:15:25', '2016-03-22 18:15:25', '3a674e11-7c4d-4a1d-b0cb-d2d6c5c8b2f5'),
 ('48', 'Asset', '2016-03-23 20:43:53', '2016-03-23 20:43:53', '56e5e626-44d0-4d1b-a42c-0d3876f1d493'),
 ('50', 'Entry', '2016-03-23 20:58:42', '2016-03-23 20:58:42', '2ab58227-4afd-4e4d-8488-c4dc3ebe46b1');



DROP TABLE IF EXISTS `craft_fieldlayouttabs`;


--
-- Schema for table `craft_fieldlayouttabs`
--
CREATE TABLE `craft_fieldlayouttabs` (
  `id` int(11) NOT NULL AUTO_INCREMENT,
  `layoutId` int(11) NOT NULL,
  `name` varchar(255) COLLATE utf8_unicode_ci NOT NULL,
  `sortOrder` smallint(6) unsigned DEFAULT NULL,
  `dateCreated` datetime NOT NULL,
  `dateUpdated` datetime NOT NULL,
  `uid` char(36) COLLATE utf8_unicode_ci NOT NULL DEFAULT '0',
  PRIMARY KEY (`id`),
  KEY `craft_fieldlayouttabs_sortOrder_idx` (`sortOrder`),
  KEY `craft_fieldlayouttabs_layoutId_fk` (`layoutId`)
) ENGINE=InnoDB AUTO_INCREMENT=43 DEFAULT CHARSET=utf8 COLLATE=utf8_unicode_ci;

--
-- Data for table `craft_fieldlayouttabs`
--

INSERT INTO `craft_fieldlayouttabs` (`id`, `layoutId`, `name`, `sortOrder`, `dateCreated`, `dateUpdated`, `uid`) VALUES
 ('1', '3', 'Content', '1', '2016-03-16 02:57:48', '2016-03-16 02:57:48', '0e7d695a-351a-4605-889b-7b8cdfc00d06'),
 ('20', '17', 'Content', '1', '2016-03-19 02:13:21', '2016-03-19 02:13:21', 'be699773-e84e-482b-8f23-64338e249210'),
 ('21', '18', 'Content', '1', '2016-03-19 02:17:10', '2016-03-19 02:17:10', '00aff3eb-323f-4c22-9917-4bb924f6e99e'),
 ('22', '19', 'Fall', '1', '2016-03-19 02:17:25', '2016-03-19 02:17:25', 'f46b3d82-029e-4104-a562-f5650d17efeb'),
 ('23', '19', 'Spring', '2', '2016-03-19 02:17:25', '2016-03-19 02:17:25', '3bdb5c4c-4d34-4a71-9f4a-ab06b1457e5e'),
 ('31', '35', 'Content', '1', '2016-03-22 04:04:36', '2016-03-22 04:04:36', 'bb9479a7-cd54-4da6-9429-7fb018bf703f'),
 ('32', '36', 'Content', '1', '2016-03-22 04:05:36', '2016-03-22 04:05:36', '20f4e690-0e04-4506-b6c2-d9fb3801e6a7'),
 ('33', '37', 'Content', '1', '2016-03-22 04:19:11', '2016-03-22 04:19:11', 'ac2ef150-aa6b-4296-ba7b-b66afdfe2e2b'),
 ('34', '41', 'Content', '1', '2016-03-22 17:54:33', '2016-03-22 17:54:33', '599861a6-870d-41f7-986b-c8cd166a0176'),
 ('36', '43', 'Default', '1', '2016-03-22 17:56:39', '2016-03-22 17:56:39', 'f9b427a5-cb36-4e61-9ad0-60990f44f96b'),
 ('37', '45', 'Content', '1', '2016-03-22 18:15:06', '2016-03-22 18:15:06', '595734c4-8b76-4189-8f96-19494e40a297'),
 ('38', '46', 'Content', '1', '2016-03-22 18:15:08', '2016-03-22 18:15:08', 'b566380e-7043-4ed6-84d6-038ab0bafa33'),
 ('39', '47', 'Content', '1', '2016-03-22 18:15:25', '2016-03-22 18:15:25', 'b7728bf5-3980-4d4d-9a35-517ba60e9686'),
 ('40', '48', 'Content', '1', '2016-03-23 20:43:53', '2016-03-23 20:43:53', '7ed7cdf4-0546-4d9a-90e7-9f1126a357cd'),
 ('42', '50', 'Digest Post', '1', '2016-03-23 20:58:42', '2016-03-23 20:58:42', 'f8d85475-b437-44fe-9f5e-d85198a9dc61');



DROP TABLE IF EXISTS `craft_fields`;


--
-- Schema for table `craft_fields`
--
CREATE TABLE `craft_fields` (
  `id` int(11) NOT NULL AUTO_INCREMENT,
  `groupId` int(11) DEFAULT NULL,
  `name` varchar(255) COLLATE utf8_unicode_ci NOT NULL,
  `handle` varchar(58) COLLATE utf8_unicode_ci NOT NULL,
  `context` varchar(255) COLLATE utf8_unicode_ci NOT NULL DEFAULT 'global',
  `instructions` text COLLATE utf8_unicode_ci,
  `translatable` tinyint(1) unsigned NOT NULL DEFAULT '0',
  `type` varchar(150) COLLATE utf8_unicode_ci NOT NULL,
  `settings` text COLLATE utf8_unicode_ci,
  `dateCreated` datetime NOT NULL,
  `dateUpdated` datetime NOT NULL,
  `uid` char(36) COLLATE utf8_unicode_ci NOT NULL DEFAULT '0',
  PRIMARY KEY (`id`),
  UNIQUE KEY `craft_fields_handle_context_unq_idx` (`handle`,`context`),
  KEY `craft_fields_context_idx` (`context`),
  KEY `craft_fields_groupId_fk` (`groupId`)
) ENGINE=InnoDB AUTO_INCREMENT=36 DEFAULT CHARSET=utf8 COLLATE=utf8_unicode_ci;

--
-- Data for table `craft_fields`
--

INSERT INTO `craft_fields` (`id`, `groupId`, `name`, `handle`, `context`, `instructions`, `translatable`, `type`, `settings`, `dateCreated`, `dateUpdated`, `uid`) VALUES
 ('3', '3', 'Articles (Fall)', 'articlesFall', 'global', '', '0', 'RichText', '{\"configFile\":\"\",\"availableAssetSources\":\"*\",\"availableTransforms\":\"*\",\"cleanupHtml\":\"1\",\"purifyHtml\":\"\",\"columnType\":\"text\"}', '2016-03-19 01:32:09', '2016-03-19 01:42:27', 'ac74f865-45b6-47f1-b036-8a2ca0ee33ee'),
 ('5', '3', 'Articles (Spring)', 'articlesSpring', 'global', '', '0', 'RichText', '{\"configFile\":\"\",\"availableAssetSources\":\"\",\"availableTransforms\":\"\",\"cleanupHtml\":\"1\",\"purifyHtml\":\"\",\"columnType\":\"text\"}', '2016-03-19 01:43:15', '2016-03-19 01:43:15', '4569ce85-cdd7-49b5-bc22-6fe513247b5f'),
 ('9', '3', 'Published Date (Fall)', 'publishedFall', 'global', '', '0', 'Date', '{\"minuteIncrement\":\"30\",\"showDate\":1,\"showTime\":0}', '2016-03-19 02:00:10', '2016-03-19 02:00:10', '682b38fb-7a38-4fd6-ac73-b44bb22759bc'),
 ('10', '3', 'Published Date (Spring)', 'publishedSpring', 'global', '', '0', 'Date', '{\"minuteIncrement\":\"30\",\"showDate\":1,\"showTime\":0}', '2016-03-19 02:00:32', '2016-03-19 02:00:32', '5ae0de60-de8a-4c23-8a77-043296c1d22a'),
 ('11', '3', 'New Section (Fall)', 'newSectionFall', 'global', '', '0', 'Matrix', '{\"maxBlocks\":null}', '2016-03-19 02:11:22', '2016-03-19 02:13:17', '58deda46-ce37-4b58-9e02-8a03671cea07'),
 ('12', NULL, 'Heading', 'heading', 'matrixBlockType:1', '', '0', 'PlainText', '{\"placeholder\":\"Section Heading\",\"maxLength\":\"\",\"multiline\":\"\",\"initialRows\":\"4\"}', '2016-03-19 02:11:26', '2016-03-19 02:13:20', 'd624ab7d-8944-495e-963b-5969669a79fc'),
 ('13', NULL, 'Content', 'sectionContent', 'matrixBlockType:1', '', '0', 'RichText', '{\"configFile\":\"\",\"availableAssetSources\":\"*\",\"availableTransforms\":\"*\",\"cleanupHtml\":\"1\",\"purifyHtml\":\"\",\"columnType\":\"text\"}', '2016-03-19 02:11:26', '2016-03-19 02:13:21', '5214babd-134e-45d2-989e-29badce84726'),
 ('14', '3', 'New Section (Spring)', 'newSectionSpring', 'global', '', '0', 'Matrix', '{\"maxBlocks\":null}', '2016-03-19 02:17:06', '2016-03-19 02:17:06', 'e256be21-fbc5-4182-81d3-089da97fecca'),
 ('15', NULL, 'Heading', 'heading', 'matrixBlockType:2', '', '0', 'PlainText', '{\"placeholder\":\"\",\"maxLength\":\"\",\"multiline\":\"\",\"initialRows\":\"4\"}', '2016-03-19 02:17:09', '2016-03-19 02:17:09', '22c3045c-80a2-4189-8e31-399971329096'),
 ('16', NULL, 'Section Content', 'sectionContent', 'matrixBlockType:2', '', '0', 'RichText', '{\"configFile\":\"\",\"availableAssetSources\":\"\",\"availableTransforms\":\"\",\"cleanupHtml\":\"1\",\"purifyHtml\":\"\",\"columnType\":\"text\"}', '2016-03-19 02:17:10', '2016-03-19 02:17:10', 'c3bce1dc-8858-49e0-98ce-1e01f7ec1693'),
 ('17', '4', 'Featured Article', 'featuredContent', 'global', '', '0', 'RichText', '{\"configFile\":\"\",\"availableAssetSources\":\"\",\"availableTransforms\":\"\",\"cleanupHtml\":\"1\",\"purifyHtml\":\"\",\"columnType\":\"text\"}', '2016-03-19 17:55:02', '2016-03-19 19:58:10', '3bddb51e-3489-4dd3-8bcd-590ba7f37771'),
 ('19', '4', 'Author', 'authorName', 'global', '', '0', 'PlainText', '{\"placeholder\":\"\",\"maxLength\":\"\",\"multiline\":\"\",\"initialRows\":\"4\"}', '2016-03-19 17:55:56', '2016-03-19 19:58:19', '460b6791-c5e6-4679-8e92-a003a1679b8b'),
 ('20', '4', 'Asset', 'asset', 'global', '', '0', 'Assets', '{\"useSingleFolder\":\"\",\"sources\":\"*\",\"defaultUploadLocationSource\":\"1\",\"defaultUploadLocationSubpath\":\"\",\"singleUploadLocationSource\":\"1\",\"singleUploadLocationSubpath\":\"\",\"restrictFiles\":\"1\",\"allowedKinds\":[\"pdf\",\"word\"],\"limit\":\"1\",\"viewMode\":\"list\",\"selectionLabel\":\"Article PDF\"}', '2016-03-19 18:28:16', '2016-03-19 19:58:26', '6ae99323-c692-41a8-8f54-018f2536200b'),
 ('21', '4', 'JOLT Digest Description', 'joltDigestDescription', 'global', '', '0', 'RichText', '{\"configFile\":\"\",\"availableAssetSources\":\"\",\"availableTransforms\":\"\",\"cleanupHtml\":\"1\",\"purifyHtml\":\"\",\"columnType\":\"text\"}', '2016-03-19 19:59:20', '2016-03-19 19:59:20', 'd5bf9f31-38da-4351-a415-e6452f771e78'),
 ('22', '5', 'Sponsors', 'sponsors', 'global', '', '0', 'Matrix', '{\"maxBlocks\":null}', '2016-03-22 04:00:52', '2016-03-22 04:19:10', '4930a05f-ce88-43cd-9f10-fb8c87966469'),
 ('23', NULL, 'Name of Sponsor', 'sponsorName', 'matrixBlockType:3', '', '0', 'PlainText', '{\"placeholder\":\"Sponsor Name\",\"maxLength\":\"\",\"multiline\":\"\",\"initialRows\":\"4\"}', '2016-03-22 04:00:55', '2016-03-22 04:19:10', 'b80e6d49-693d-40bb-b989-baee58ac8cae'),
 ('24', '6', 'Address', 'address', 'global', '', '0', 'PlainText', '{\"placeholder\":\"Harvard Law School\",\"maxLength\":\"\",\"multiline\":\"1\",\"initialRows\":\"4\"}', '2016-03-22 04:02:28', '2016-03-22 04:05:23', '50539349-adcf-493f-b9dd-0f185a6359aa'),
 ('25', '6', 'Email', 'joltEmail', 'global', '', '0', 'PlainText', '{\"placeholder\":\"\",\"maxLength\":\"\",\"multiline\":\"\",\"initialRows\":\"4\"}', '2016-03-22 04:05:01', '2016-03-22 04:05:17', '2cb1db98-deca-4a3e-911d-2565a0908804'),
 ('26', NULL, 'Link to Sponsor', 'linkToSponsor', 'matrixBlockType:3', '', '0', 'PlainText', '{\"placeholder\":\"http:\\/\\/www.example.com\",\"maxLength\":\"\",\"multiline\":\"\",\"initialRows\":\"4\"}', '2016-03-22 04:19:11', '2016-03-22 04:19:11', 'fca61e46-e040-4e00-8fea-0bc65e41d91f'),
 ('27', '4', 'Featured Title', 'featuredTitle', 'global', 'Title of the Featured Article', '0', 'PlainText', '{\"placeholder\":\"\",\"maxLength\":\"\",\"multiline\":\"\",\"initialRows\":\"4\"}', '2016-03-22 17:56:02', '2016-03-22 17:56:02', '2d38127a-a70d-4a55-9b62-33a1cdae0015'),
 ('28', '1', 'Navigation Item', 'navigationItem', 'global', '', '0', 'Matrix', '{\"maxBlocks\":null}', '2016-03-22 18:15:03', '2016-03-22 18:15:03', 'ca417ed9-360e-45ac-bb01-6d6c3e3993b0'),
 ('29', NULL, 'Entry Label', 'entryLabel', 'matrixBlockType:4', '', '0', 'PlainText', '{\"placeholder\":\"\",\"maxLength\":\"\",\"multiline\":\"\",\"initialRows\":\"4\"}', '2016-03-22 18:15:06', '2016-03-22 18:15:06', 'ae895d2f-75ed-4593-ad85-5b80616fda44'),
 ('30', NULL, 'Entry', 'entry', 'matrixBlockType:4', '', '0', 'Entries', '{\"sources\":\"*\",\"limit\":\"1\",\"selectionLabel\":\"\"}', '2016-03-22 18:15:06', '2016-03-22 18:15:06', '515a4889-c4cb-4657-b09e-efc5a29f7790'),
 ('31', NULL, 'Custom Label', 'customLabel', 'matrixBlockType:5', '', '0', 'PlainText', '{\"placeholder\":\"\",\"maxLength\":\"\",\"multiline\":\"\",\"initialRows\":\"4\"}', '2016-03-22 18:15:07', '2016-03-22 18:15:07', 'a4a31da0-134b-409d-ab45-c8a50e4dfc62'),
 ('32', NULL, 'Custom URL', 'customUrl', 'matrixBlockType:5', '', '0', 'PlainText', '{\"placeholder\":\"http:\\/\\/www.example.com\",\"maxLength\":\"\",\"multiline\":\"\",\"initialRows\":\"4\"}', '2016-03-22 18:15:08', '2016-03-22 18:15:08', '41307a27-1e0c-4719-8e46-cf050d619cf1'),
 ('33', '1', 'Content', 'body', 'global', '', '0', 'RichText', '{\"configFile\":\"\",\"availableAssetSources\":[\"2\"],\"availableTransforms\":\"*\",\"cleanupHtml\":\"1\",\"purifyHtml\":\"\",\"columnType\":\"text\"}', '2016-03-23 20:42:42', '2016-03-23 21:14:43', '20c69c6f-bcd8-4095-8dd4-d3f2cc1744be'),
 ('34', '7', 'Main Image', 'mainImage', 'global', '', '0', 'Assets', '{\"useSingleFolder\":\"\",\"sources\":[\"folder:2\"],\"defaultUploadLocationSource\":\"2\",\"defaultUploadLocationSubpath\":\"{postDate}\\/\",\"singleUploadLocationSource\":\"1\",\"singleUploadLocationSubpath\":\"\",\"restrictFiles\":\"\",\"limit\":\"1\",\"viewMode\":\"large\",\"selectionLabel\":\"Main Image\"}', '2016-03-23 20:46:29', '2016-03-23 20:52:59', '11cbfe0d-3186-4fbf-87cc-341d542f9567'),
 ('35', '7', 'Byline', 'byline', 'global', '', '0', 'PlainText', '{\"placeholder\":\"By Albert Einstein - Edited by Thomas Edison\",\"maxLength\":\"\",\"multiline\":\"\",\"initialRows\":\"4\"}', '2016-03-23 20:56:48', '2016-03-23 20:56:48', '503078c8-c633-4112-8bee-563c5d7f1f6f');



DROP TABLE IF EXISTS `craft_globalsets`;


--
-- Schema for table `craft_globalsets`
--
CREATE TABLE `craft_globalsets` (
  `id` int(11) NOT NULL,
  `name` varchar(255) COLLATE utf8_unicode_ci NOT NULL,
  `handle` varchar(255) COLLATE utf8_unicode_ci NOT NULL,
  `fieldLayoutId` int(11) DEFAULT NULL,
  `dateCreated` datetime NOT NULL,
  `dateUpdated` datetime NOT NULL,
  `uid` char(36) COLLATE utf8_unicode_ci NOT NULL DEFAULT '0',
  PRIMARY KEY (`id`),
  UNIQUE KEY `craft_globalsets_name_unq_idx` (`name`),
  UNIQUE KEY `craft_globalsets_handle_unq_idx` (`handle`),
  KEY `craft_globalsets_fieldLayoutId_fk` (`fieldLayoutId`)
) ENGINE=InnoDB DEFAULT CHARSET=utf8 COLLATE=utf8_unicode_ci;

--
-- Data for table `craft_globalsets`
--

INSERT INTO `craft_globalsets` (`id`, `name`, `handle`, `fieldLayoutId`, `dateCreated`, `dateUpdated`, `uid`) VALUES
 ('35', 'Footer Content', 'footer', '35', '2016-03-22 03:57:25', '2016-03-22 04:04:36', '6076e7e3-ed8f-4dc3-87f2-3e0f6be58df8'),
 ('36', 'Contact Information', 'contactInformation', '36', '2016-03-22 04:04:28', '2016-03-22 04:05:36', '1fccadb0-a6b8-4a5c-8493-7fabb1f267c6'),
 ('44', 'Global Navigation', 'globalNav', '47', '2016-03-22 18:11:21', '2016-03-22 18:15:25', 'bf9fadfb-f073-4d2e-8268-65182cb419b1');



DROP TABLE IF EXISTS `craft_info`;


--
-- Schema for table `craft_info`
--
CREATE TABLE `craft_info` (
  `id` int(11) NOT NULL AUTO_INCREMENT,
  `version` varchar(15) COLLATE utf8_unicode_ci NOT NULL,
  `build` int(11) unsigned NOT NULL,
  `schemaVersion` varchar(15) COLLATE utf8_unicode_ci NOT NULL,
  `releaseDate` datetime NOT NULL,
  `edition` tinyint(1) unsigned NOT NULL DEFAULT '0',
  `siteName` varchar(100) COLLATE utf8_unicode_ci NOT NULL,
  `siteUrl` varchar(255) COLLATE utf8_unicode_ci NOT NULL,
  `timezone` varchar(30) COLLATE utf8_unicode_ci DEFAULT NULL,
  `on` tinyint(1) unsigned NOT NULL DEFAULT '0',
  `maintenance` tinyint(1) unsigned NOT NULL DEFAULT '0',
  `track` varchar(40) COLLATE utf8_unicode_ci NOT NULL,
  `dateCreated` datetime NOT NULL,
  `dateUpdated` datetime NOT NULL,
  `uid` char(36) COLLATE utf8_unicode_ci NOT NULL DEFAULT '0',
  PRIMARY KEY (`id`)
) ENGINE=InnoDB AUTO_INCREMENT=2 DEFAULT CHARSET=utf8 COLLATE=utf8_unicode_ci;

--
-- Data for table `craft_info`
--

INSERT INTO `craft_info` (`id`, `version`, `build`, `schemaVersion`, `releaseDate`, `edition`, `siteName`, `siteUrl`, `timezone`, `on`, `maintenance`, `track`, `dateCreated`, `dateUpdated`, `uid`) VALUES
 ('1', '2.6', '2776', '2.6.2', '2016-03-10 21:53:24', '2', 'Harvard Journal of Law & Technology', 'http://jolt.dev', 'UTC', '1', '1', 'stable', '2016-03-16 02:57:39', '2016-04-19 02:19:12', '6e9db39d-72d8-4699-b30c-2f4a57f1989f');



DROP TABLE IF EXISTS `craft_locales`;


--
-- Schema for table `craft_locales`
--
CREATE TABLE `craft_locales` (
  `locale` char(12) COLLATE utf8_unicode_ci NOT NULL,
  `sortOrder` smallint(6) unsigned DEFAULT NULL,
  `dateCreated` datetime NOT NULL,
  `dateUpdated` datetime NOT NULL,
  `uid` char(36) COLLATE utf8_unicode_ci NOT NULL DEFAULT '0',
  PRIMARY KEY (`locale`),
  KEY `craft_locales_sortOrder_idx` (`sortOrder`)
) ENGINE=InnoDB DEFAULT CHARSET=utf8 COLLATE=utf8_unicode_ci;

--
-- Data for table `craft_locales`
--

INSERT INTO `craft_locales` (`locale`, `sortOrder`, `dateCreated`, `dateUpdated`, `uid`) VALUES
 ('en_us', '1', '2016-03-16 02:57:44', '2016-03-16 02:57:44', '5197dd65-3936-493e-9bdb-3f76ece1f1de');



DROP TABLE IF EXISTS `craft_matrixblocks`;


--
-- Schema for table `craft_matrixblocks`
--
CREATE TABLE `craft_matrixblocks` (
  `id` int(11) NOT NULL,
  `ownerId` int(11) NOT NULL,
  `fieldId` int(11) NOT NULL,
  `typeId` int(11) DEFAULT NULL,
  `sortOrder` smallint(6) unsigned DEFAULT NULL,
  `ownerLocale` char(12) COLLATE utf8_unicode_ci DEFAULT NULL,
  `dateCreated` datetime NOT NULL,
  `dateUpdated` datetime NOT NULL,
  `uid` char(36) COLLATE utf8_unicode_ci NOT NULL DEFAULT '0',
  PRIMARY KEY (`id`),
  KEY `craft_matrixblocks_ownerId_idx` (`ownerId`),
  KEY `craft_matrixblocks_fieldId_idx` (`fieldId`),
  KEY `craft_matrixblocks_typeId_idx` (`typeId`),
  KEY `craft_matrixblocks_sortOrder_idx` (`sortOrder`),
  KEY `craft_matrixblocks_ownerLocale_fk` (`ownerLocale`)
) ENGINE=InnoDB DEFAULT CHARSET=utf8 COLLATE=utf8_unicode_ci;

--
-- Data for table `craft_matrixblocks`
--

INSERT INTO `craft_matrixblocks` (`id`, `ownerId`, `fieldId`, `typeId`, `sortOrder`, `ownerLocale`, `dateCreated`, `dateUpdated`, `uid`) VALUES
 ('6', '4', '11', '1', '1', NULL, '2016-03-19 02:18:45', '2016-03-19 02:18:50', '0dc05a27-a81b-4a4e-91df-c59ee3510e25'),
 ('7', '4', '14', '2', '1', NULL, '2016-03-19 02:18:45', '2016-03-19 02:18:50', '0b12364f-677d-4843-ba17-7ce8fea884ce'),
 ('8', '5', '11', '1', '1', NULL, '2016-03-19 02:22:37', '2016-03-19 02:22:37', 'eeac1b2e-d289-4f5b-8af4-80e760d550d6'),
 ('9', '5', '14', '2', '1', NULL, '2016-03-19 02:22:37', '2016-03-19 02:22:37', '1841e24d-73fc-482e-b96d-f85190207419'),
 ('11', '10', '11', '1', '1', NULL, '2016-03-19 02:23:57', '2016-03-19 02:24:55', '008dbfea-40bf-4d8a-8a15-8924c27d0d76'),
 ('37', '35', '22', '3', '1', NULL, '2016-03-22 04:06:33', '2016-03-22 04:23:25', '0a395d81-ebfe-4d76-a85a-0bfe5a93ed56'),
 ('38', '35', '22', '3', '2', NULL, '2016-03-22 04:06:33', '2016-03-22 04:23:25', '592479a8-5a92-4345-acd3-ce3c3716fd08'),
 ('39', '35', '22', '3', '3', NULL, '2016-03-22 04:06:33', '2016-03-22 04:23:25', '72817677-f35c-42ba-9c8d-ab772387b9fc'),
 ('40', '35', '22', '3', '4', NULL, '2016-03-22 04:06:33', '2016-03-22 04:23:25', '3c6dc111-1a38-42d3-b2a3-b37b20214163'),
 ('45', '44', '28', '4', '1', NULL, '2016-03-22 18:16:20', '2016-03-22 18:16:30', '32260061-bf93-4b42-9116-fe9858d09557'),
 ('46', '44', '28', '4', '2', NULL, '2016-03-22 18:16:20', '2016-03-22 18:16:30', '63f5149d-8a4a-4c4f-bff6-65029676c831'),
 ('47', '44', '28', '4', '3', NULL, '2016-03-22 18:16:20', '2016-03-22 18:16:30', '2cfe75ce-7a65-4091-93ce-ca0ea4a6dab2'),
 ('48', '44', '28', '5', '4', NULL, '2016-03-22 18:16:30', '2016-03-22 18:16:30', '0f25638b-60da-4832-a951-f059a30c4f16');



DROP TABLE IF EXISTS `craft_matrixblocktypes`;


--
-- Schema for table `craft_matrixblocktypes`
--
CREATE TABLE `craft_matrixblocktypes` (
  `id` int(11) NOT NULL AUTO_INCREMENT,
  `fieldId` int(11) NOT NULL,
  `fieldLayoutId` int(11) DEFAULT NULL,
  `name` varchar(255) COLLATE utf8_unicode_ci NOT NULL,
  `handle` varchar(255) COLLATE utf8_unicode_ci NOT NULL,
  `sortOrder` smallint(6) unsigned DEFAULT NULL,
  `dateCreated` datetime NOT NULL,
  `dateUpdated` datetime NOT NULL,
  `uid` char(36) COLLATE utf8_unicode_ci NOT NULL DEFAULT '0',
  PRIMARY KEY (`id`),
  UNIQUE KEY `craft_matrixblocktypes_name_fieldId_unq_idx` (`name`,`fieldId`),
  UNIQUE KEY `craft_matrixblocktypes_handle_fieldId_unq_idx` (`handle`,`fieldId`),
  KEY `craft_matrixblocktypes_fieldId_fk` (`fieldId`),
  KEY `craft_matrixblocktypes_fieldLayoutId_fk` (`fieldLayoutId`)
) ENGINE=InnoDB AUTO_INCREMENT=6 DEFAULT CHARSET=utf8 COLLATE=utf8_unicode_ci;

--
-- Data for table `craft_matrixblocktypes`
--

INSERT INTO `craft_matrixblocktypes` (`id`, `fieldId`, `fieldLayoutId`, `name`, `handle`, `sortOrder`, `dateCreated`, `dateUpdated`, `uid`) VALUES
 ('1', '11', '17', 'New Section', 'newSection', '1', '2016-03-19 02:11:25', '2016-03-19 02:13:21', 'c4893d3c-ae2f-496c-b4fd-7127c0abe852'),
 ('2', '14', '18', 'New Section', 'newSection', '1', '2016-03-19 02:17:08', '2016-03-19 02:17:10', '7546c82e-1ca8-4335-bff7-449f2c207c7a'),
 ('3', '22', '37', 'New Sponsor', 'newSponsor', '1', '2016-03-22 04:00:54', '2016-03-22 04:19:11', '59b2fe55-1a10-401d-8f81-dae323503c74'),
 ('4', '28', '45', 'Link to Entry', 'linkToEntry', '1', '2016-03-22 18:15:05', '2016-03-22 18:15:06', '4170752c-2f6c-43ab-bd3c-6b0789650f03'),
 ('5', '28', '46', 'Link to Custom URL', 'linkToCustomUrl', '2', '2016-03-22 18:15:06', '2016-03-22 18:15:08', '75ae851a-c15f-4145-a181-7fa284ca8bfd');



DROP TABLE IF EXISTS `craft_matrixcontent_navigationitem`;


--
-- Schema for table `craft_matrixcontent_navigationitem`
--
CREATE TABLE `craft_matrixcontent_navigationitem` (
  `id` int(11) NOT NULL AUTO_INCREMENT,
  `elementId` int(11) NOT NULL,
  `locale` char(12) COLLATE utf8_unicode_ci NOT NULL,
  `field_linkToEntry_entryLabel` text COLLATE utf8_unicode_ci,
  `field_linkToCustomUrl_customLabel` text COLLATE utf8_unicode_ci,
  `field_linkToCustomUrl_customUrl` text COLLATE utf8_unicode_ci,
  `dateCreated` datetime NOT NULL,
  `dateUpdated` datetime NOT NULL,
  `uid` char(36) COLLATE utf8_unicode_ci NOT NULL DEFAULT '0',
  PRIMARY KEY (`id`),
  UNIQUE KEY `craft_matrixcontent_navigationitem_elementId_locale_unq_idx` (`elementId`,`locale`),
  KEY `craft_matrixcontent_navigationitem_locale_fk` (`locale`)
) ENGINE=InnoDB AUTO_INCREMENT=5 DEFAULT CHARSET=utf8 COLLATE=utf8_unicode_ci;

--
-- Data for table `craft_matrixcontent_navigationitem`
--

INSERT INTO `craft_matrixcontent_navigationitem` (`id`, `elementId`, `locale`, `field_linkToEntry_entryLabel`, `field_linkToCustomUrl_customLabel`, `field_linkToCustomUrl_customUrl`, `dateCreated`, `dateUpdated`, `uid`) VALUES
 ('1', '45', 'en_us', 'JOLT Digest', NULL, NULL, '2016-03-22 18:16:20', '2016-03-22 18:16:30', '547a1f23-5faf-4cb3-ac24-b2da3a513425'),
 ('2', '46', 'en_us', 'Internal Wiki', NULL, NULL, '2016-03-22 18:16:20', '2016-03-22 18:16:30', 'e2b811cd-0fe5-4764-9197-1c7e8811edd8'),
 ('3', '47', 'en_us', 'Volumes', NULL, NULL, '2016-03-22 18:16:20', '2016-03-22 18:16:30', 'b693bdc3-f9bf-4090-93ab-5d1684dd6f8b'),
 ('4', '48', 'en_us', NULL, 'Google', 'http://google.com', '2016-03-22 18:16:30', '2016-03-22 18:16:30', '9e92c11a-4ffd-4759-b8f9-a810003231a7');



DROP TABLE IF EXISTS `craft_matrixcontent_newsectionfall`;


--
-- Schema for table `craft_matrixcontent_newsectionfall`
--
CREATE TABLE `craft_matrixcontent_newsectionfall` (
  `id` int(11) NOT NULL AUTO_INCREMENT,
  `elementId` int(11) NOT NULL,
  `locale` char(12) COLLATE utf8_unicode_ci NOT NULL,
  `field_newSection_heading` text COLLATE utf8_unicode_ci,
  `field_newSection_sectionContent` text COLLATE utf8_unicode_ci,
  `dateCreated` datetime NOT NULL,
  `dateUpdated` datetime NOT NULL,
  `uid` char(36) COLLATE utf8_unicode_ci NOT NULL DEFAULT '0',
  PRIMARY KEY (`id`),
  UNIQUE KEY `craft_matrixcontent_newsectionfall_elementId_locale_unq_idx` (`elementId`,`locale`),
  KEY `craft_matrixcontent_newsectionfall_locale_idx` (`locale`)
) ENGINE=InnoDB AUTO_INCREMENT=4 DEFAULT CHARSET=utf8 COLLATE=utf8_unicode_ci;

--
-- Data for table `craft_matrixcontent_newsectionfall`
--

INSERT INTO `craft_matrixcontent_newsectionfall` (`id`, `elementId`, `locale`, `field_newSection_heading`, `field_newSection_sectionContent`, `dateCreated`, `dateUpdated`, `uid`) VALUES
 ('1', '6', 'en_us', 'Notes', '<ul><li><a href=\"http://jolt.law.harvard.edu/articles/pdf/v28/28HarvJLTech237.pdf\">Microsoft the Botnet Hunter: The Role of Public-Private Partnerships in Mitigating Botnets</a>&nbsp;- Zach Lerner</li><li><a href=\"http://jolt.law.harvard.edu/articles/pdf/v28/28HarvJLTech263.pdf\">The End of Post-Sale Confusion: How Consumer 3D Printing Will Diminish the Function of Trademarks</a>&nbsp;- James Grace</li><li><a href=\"http://jolt.law.harvard.edu/articles/pdf/v28/28HarvJLTech289.pdf\">Intermediary Liability for Harmful Speech: Lessons from Abroad</a>&nbsp;- Corey Omer</li><li><a href=\"http://jolt.law.harvard.edu/articles/pdf/v28/28HarvJLTech325.pdf\">Three\'s a Crowd: Towards Contextual Integrity in Third-Party Data Sharing</a>&nbsp;- Natalie Kim</li></ul>', '2016-03-19 02:18:45', '2016-03-19 02:18:50', '1885fb15-067f-41fb-8cfe-853133679497'),
 ('2', '8', 'en_us', 'Notes', '<ul><li><a href=\"http://jolt.law.harvard.edu/articles/pdf/v27/27HarvJLTech257.pdf\">Standards for Determining When ISPs Have Fallen Out of Section 512(a)</a>&nbsp;- Nathan Lovejoy</li><li><a href=\"http://jolt.law.harvard.edu/articles/pdf/v27/27HarvJLTech279.pdf\">Science, Patent Law, and Epistemic Legitimacy: An Empirical Study of Technically Trained Federal Circuit Judges</a>&nbsp;- Charlie Stiernberg</li><li><a href=\"http://jolt.law.harvard.edu/articles/pdf/v27/27HarvJLTech301.pdf\">Hacktivism and the First Amendment: Drawing the Line Between Cyber Protests and Crime</a>&nbsp;- Xiang Li</li><li><a href=\"http://jolt.law.harvard.edu/articles/pdf/v27/27HarvJLTech331.pdf\">Mediating with Non-Practicing Entities</a>&nbsp;- Laura Fishwic</li></ul>', '2016-03-19 02:22:37', '2016-03-19 02:22:37', '483cba01-d8cf-4225-82d2-2d6d5cd2dab3'),
 ('3', '11', 'en_us', 'Notes', '<ul><li><a href=\"http://jolt.law.harvard.edu/articles/pdf/v26/26HarvJLTech325.pdf\">Fix It in the Mix: Disaggregating the Record Producer\'s Copyright</a>&nbsp;- Phil Hill</li><li><a href=\"http://jolt.law.harvard.edu/articles/pdf/v26/26HarvJLTech353.pdf\">Downloading Infringement: Patent Law as a Roadblock to the 3D Printing Revolution</a>&nbsp;- Davis Doherty</li><li><a href=\"http://jolt.law.harvard.edu/articles/pdf/v26/26HarvJLTech375.pdf\">Rethinking Risks: Should Socioeconomic and Ethical Considerations Be Incorporated into the Regulation of Genetically Modified Crops?</a>&nbsp;- Dorothy Du</li><li><a href=\"http://jolt.law.harvard.edu/articles/pdf/v26/26HarvJLTech403.pdf\">Medical Device Innovation in America: Tensions Between Food and Drug Law and Patent Law</a>&nbsp;- Adam Lewin</li></ul>', '2016-03-19 02:23:57', '2016-03-19 02:24:55', 'f0583e7b-9700-4be3-9cc9-237a828e9391');



DROP TABLE IF EXISTS `craft_matrixcontent_newsectionspring`;


--
-- Schema for table `craft_matrixcontent_newsectionspring`
--
CREATE TABLE `craft_matrixcontent_newsectionspring` (
  `id` int(11) NOT NULL AUTO_INCREMENT,
  `elementId` int(11) NOT NULL,
  `locale` char(12) COLLATE utf8_unicode_ci NOT NULL,
  `field_newSection_heading` text COLLATE utf8_unicode_ci,
  `field_newSection_sectionContent` text COLLATE utf8_unicode_ci,
  `dateCreated` datetime NOT NULL,
  `dateUpdated` datetime NOT NULL,
  `uid` char(36) COLLATE utf8_unicode_ci NOT NULL DEFAULT '0',
  PRIMARY KEY (`id`),
  UNIQUE KEY `craft_matrixcontent_newsectionspring_elementId_locale_unq_idx` (`elementId`,`locale`),
  KEY `craft_matrixcontent_newsectionspring_locale_fk` (`locale`)
) ENGINE=InnoDB AUTO_INCREMENT=3 DEFAULT CHARSET=utf8 COLLATE=utf8_unicode_ci;

--
-- Data for table `craft_matrixcontent_newsectionspring`
--

INSERT INTO `craft_matrixcontent_newsectionspring` (`id`, `elementId`, `locale`, `field_newSection_heading`, `field_newSection_sectionContent`, `dateCreated`, `dateUpdated`, `uid`) VALUES
 ('1', '7', 'en_us', 'Notes', '<ul><li><a href=\"http://jolt.law.harvard.edu/articles/pdf/v28/28HarvJLTech525.pdf\">The NSA Has Not Been Here: Warrant Canaries as Tools for Transparency in the Wake of the Snowden Disclosures</a>&nbsp;- Naomi Gilens</li><li><a href=\"http://jolt.law.harvard.edu/articles/pdf/v28/28HarvJLTech549.pdf\">Educational Privacy in the Online Classroom: FERPA, MOOCs, and the Big Data Conundrum</a>&nbsp;- Elise Young</li><li><a href=\"http://jolt.law.harvard.edu/articles/pdf/v28/28HarvJLTech593.pdf\">Homing In: Technology\'s Place in Fourth Amendment Jurisprudence</a>&nbsp;- Emma Raviv</li></ul>', '2016-03-19 02:18:45', '2016-03-19 02:18:50', '1d06e30a-0143-4c87-82ef-f7d3a46123df'),
 ('2', '9', 'en_us', 'Notes', '<ul><li><a href=\"http://jolt.law.harvard.edu/articles/pdf/v27/27HarvJLTech543.pdf\">Constructed Languages and Copyright: A Brief History and Proposal for Divorce</a>&nbsp;- Michael Adelman</li><li><a href=\"http://jolt.law.harvard.edu/articles/pdf/v27/27HarvJLTech563.pdf\">Searches of Cell Phones Incident to Arrest: Overview of the Law as It Stands and a New Path Forward</a>&nbsp;- Patrick Brown</li><li><a href=\"http://jolt.law.harvard.edu/articles/pdf/v27/27HarvJLTech587.pdf\">Coining Bitcoin\'s \"Legal-Bits\": Examining the Regulatory Framework for Bitcoin and Virtual Currencies</a>&nbsp;- Matthew Kien-Meng Ly</li></ul>', '2016-03-19 02:22:37', '2016-03-19 02:22:37', '68d91a5a-653e-4062-9c84-4b36077205de');



DROP TABLE IF EXISTS `craft_matrixcontent_sponsors`;


--
-- Schema for table `craft_matrixcontent_sponsors`
--
CREATE TABLE `craft_matrixcontent_sponsors` (
  `id` int(11) NOT NULL AUTO_INCREMENT,
  `elementId` int(11) NOT NULL,
  `locale` char(12) COLLATE utf8_unicode_ci NOT NULL,
  `field_newSponsor_sponsorName` text COLLATE utf8_unicode_ci,
  `field_newSponsor_linkToSponsor` text COLLATE utf8_unicode_ci,
  `dateCreated` datetime NOT NULL,
  `dateUpdated` datetime NOT NULL,
  `uid` char(36) COLLATE utf8_unicode_ci NOT NULL DEFAULT '0',
  PRIMARY KEY (`id`),
  UNIQUE KEY `craft_matrixcontent_sponsors_elementId_locale_unq_idx` (`elementId`,`locale`),
  KEY `craft_matrixcontent_sponsors_locale_idx` (`locale`)
) ENGINE=InnoDB AUTO_INCREMENT=5 DEFAULT CHARSET=utf8 COLLATE=utf8_unicode_ci;

--
-- Data for table `craft_matrixcontent_sponsors`
--

INSERT INTO `craft_matrixcontent_sponsors` (`id`, `elementId`, `locale`, `field_newSponsor_sponsorName`, `field_newSponsor_linkToSponsor`, `dateCreated`, `dateUpdated`, `uid`) VALUES
 ('1', '37', 'en_us', 'Cooley LLP', 'http://www.cooley.com/index.aspx', '2016-03-22 04:06:32', '2016-03-22 04:23:25', '194a9228-dd3a-4223-8da2-d4ae6353cb24'),
 ('2', '38', 'en_us', 'Fenwick & West LLP', 'http://www.fenwick.com/', '2016-03-22 04:06:33', '2016-03-22 04:23:25', 'f870f8fd-f080-4e6b-846b-06f87df9df04'),
 ('3', '39', 'en_us', 'Finnegan, Henderson, Farabow, Garrett & Dunner, LLP', 'http://www.finnegan.com/', '2016-03-22 04:06:33', '2016-03-22 04:23:25', '612c4c72-9564-443b-a36c-45e4f06be32a'),
 ('4', '40', 'en_us', 'Fish & Richardson P.C.', 'http://www.fr.com/', '2016-03-22 04:06:33', '2016-03-22 04:23:25', '4dd07ca4-b4c9-4f6b-b54b-6babfa2e47d6');



DROP TABLE IF EXISTS `craft_migrations`;


--
-- Schema for table `craft_migrations`
--
CREATE TABLE `craft_migrations` (
  `id` int(11) NOT NULL AUTO_INCREMENT,
  `pluginId` int(11) DEFAULT NULL,
  `version` varchar(255) COLLATE utf8_unicode_ci NOT NULL,
  `applyTime` datetime NOT NULL,
  `dateCreated` datetime NOT NULL,
  `dateUpdated` datetime NOT NULL,
  `uid` char(36) COLLATE utf8_unicode_ci NOT NULL DEFAULT '0',
  PRIMARY KEY (`id`),
  UNIQUE KEY `craft_migrations_version_unq_idx` (`version`),
  KEY `craft_migrations_pluginId_fk` (`pluginId`)
) ENGINE=InnoDB AUTO_INCREMENT=31 DEFAULT CHARSET=utf8 COLLATE=utf8_unicode_ci;

--
-- Data for table `craft_migrations`
--

INSERT INTO `craft_migrations` (`id`, `pluginId`, `version`, `applyTime`, `dateCreated`, `dateUpdated`, `uid`) VALUES
 ('1', NULL, 'm000000_000000_base', '2016-03-16 02:57:41', '2016-03-16 02:57:41', '2016-03-16 02:57:41', '641da1c0-90d7-480d-959d-d74188d2568f'),
 ('2', NULL, 'm140730_000001_add_filename_and_format_to_transformindex', '2016-03-16 02:57:41', '2016-03-16 02:57:41', '2016-03-16 02:57:41', '48d6c8fe-98e9-4e4a-847b-83bb7c25bafd'),
 ('3', NULL, 'm140815_000001_add_format_to_transforms', '2016-03-16 02:57:41', '2016-03-16 02:57:41', '2016-03-16 02:57:41', 'cd1926de-c3d9-460d-8e49-92b7f35757ec'),
 ('4', NULL, 'm140822_000001_allow_more_than_128_items_per_field', '2016-03-16 02:57:41', '2016-03-16 02:57:41', '2016-03-16 02:57:41', '28c8903d-6c01-49c2-ad4d-0c0302cf1579'),
 ('5', NULL, 'm140829_000001_single_title_formats', '2016-03-16 02:57:41', '2016-03-16 02:57:41', '2016-03-16 02:57:41', '95f95b0f-4c63-4007-9bd7-d944184f0e2e'),
 ('6', NULL, 'm140831_000001_extended_cache_keys', '2016-03-16 02:57:41', '2016-03-16 02:57:41', '2016-03-16 02:57:41', '3f527584-a8ac-4a9e-bd02-4b51017fd0ad'),
 ('7', NULL, 'm140922_000001_delete_orphaned_matrix_blocks', '2016-03-16 02:57:41', '2016-03-16 02:57:41', '2016-03-16 02:57:41', 'ce881cd6-5449-4b07-840d-ac8f4db7f857'),
 ('8', NULL, 'm141008_000001_elements_index_tune', '2016-03-16 02:57:41', '2016-03-16 02:57:41', '2016-03-16 02:57:41', '13e1a475-fe55-4b2e-8d7f-b3c317b257f9'),
 ('9', NULL, 'm141009_000001_assets_source_handle', '2016-03-16 02:57:41', '2016-03-16 02:57:42', '2016-03-16 02:57:42', '6d8fbfe9-b211-45c3-8346-86a1a0deab02'),
 ('10', NULL, 'm141024_000001_field_layout_tabs', '2016-03-16 02:57:41', '2016-03-16 02:57:42', '2016-03-16 02:57:42', '20b83c53-c941-4880-af27-8971a6fcf752'),
 ('11', NULL, 'm141030_000000_plugin_schema_versions', '2016-03-16 02:57:41', '2016-03-16 02:57:42', '2016-03-16 02:57:42', 'c972328c-4955-458c-a603-699a31b29254'),
 ('12', NULL, 'm141030_000001_drop_structure_move_permission', '2016-03-16 02:57:41', '2016-03-16 02:57:42', '2016-03-16 02:57:42', 'efd1e6ac-32ba-429e-bea6-779be0abd070'),
 ('13', NULL, 'm141103_000001_tag_titles', '2016-03-16 02:57:41', '2016-03-16 02:57:42', '2016-03-16 02:57:42', 'bac4fae4-90b3-47eb-bf7d-8b9c31d9390e'),
 ('14', NULL, 'm141109_000001_user_status_shuffle', '2016-03-16 02:57:41', '2016-03-16 02:57:42', '2016-03-16 02:57:42', '3053c579-b0dd-4e80-be97-d56c584264a9'),
 ('15', NULL, 'm141126_000001_user_week_start_day', '2016-03-16 02:57:41', '2016-03-16 02:57:42', '2016-03-16 02:57:42', 'c0c5808b-5ccf-4c9e-a97a-a8313d2b011c'),
 ('16', NULL, 'm150210_000001_adjust_user_photo_size', '2016-03-16 02:57:41', '2016-03-16 02:57:42', '2016-03-16 02:57:42', 'ec7b4e5f-b13f-499d-b2ea-217a4c7c45e1'),
 ('17', NULL, 'm150724_000001_adjust_quality_settings', '2016-03-16 02:57:41', '2016-03-16 02:57:42', '2016-03-16 02:57:42', '162f1944-db4e-462f-a2cb-f3d99b760f88'),
 ('18', NULL, 'm150827_000000_element_index_settings', '2016-03-16 02:57:41', '2016-03-16 02:57:42', '2016-03-16 02:57:42', '786cf86d-e53e-43a4-860e-95e0a1118dec'),
 ('19', NULL, 'm150918_000001_add_colspan_to_widgets', '2016-03-16 02:57:41', '2016-03-16 02:57:42', '2016-03-16 02:57:42', 'b84271e6-aec4-4af8-8509-971b419c704d'),
 ('20', NULL, 'm151007_000000_clear_asset_caches', '2016-03-16 02:57:41', '2016-03-16 02:57:43', '2016-03-16 02:57:43', 'b8de66d9-137b-4a88-b546-017ede8df8c7'),
 ('21', NULL, 'm151109_000000_text_url_formats', '2016-03-16 02:57:41', '2016-03-16 02:57:43', '2016-03-16 02:57:43', 'ae573837-51b3-4dd3-ad24-aba9c28b19fe'),
 ('22', NULL, 'm151110_000000_move_logo', '2016-03-16 02:57:41', '2016-03-16 02:57:43', '2016-03-16 02:57:43', 'b7059476-6212-4867-ab18-7b7d657d914f'),
 ('23', NULL, 'm151117_000000_adjust_image_widthheight', '2016-03-16 02:57:41', '2016-03-16 02:57:43', '2016-03-16 02:57:43', '00a64928-fed3-47d6-a83c-274c6cd60998'),
 ('24', NULL, 'm151127_000000_clear_license_key_status', '2016-03-16 02:57:41', '2016-03-16 02:57:43', '2016-03-16 02:57:43', '1c455696-38c7-4493-b7e9-aab1ba847963'),
 ('25', NULL, 'm151127_000000_plugin_license_keys', '2016-03-16 02:57:41', '2016-03-16 02:57:43', '2016-03-16 02:57:43', '88505c36-4f3c-44b8-bf51-f34b951f28a9'),
 ('26', NULL, 'm151130_000000_update_pt_widget_feeds', '2016-03-16 02:57:41', '2016-03-16 02:57:43', '2016-03-16 02:57:43', '18307d89-894d-4ae0-9276-38aa9a6821a3'),
 ('27', NULL, 'm160114_000000_asset_sources_public_url_default_true', '2016-03-16 02:57:41', '2016-03-16 02:57:43', '2016-03-16 02:57:43', '07eb4fa9-24dd-41fc-a867-1c077ed23216'),
 ('28', NULL, 'm160223_000000_sortorder_to_smallint', '2016-03-16 02:57:41', '2016-03-16 02:57:43', '2016-03-16 02:57:43', '862fe92c-fd10-4533-ab4b-5e3cfe494e18'),
 ('29', NULL, 'm160229_000000_set_default_entry_statuses', '2016-03-16 02:57:41', '2016-03-16 02:57:43', '2016-03-16 02:57:43', '95869fbb-78b3-49d2-b9f8-deacebd51cb0'),
 ('30', NULL, 'm160304_000000_client_permissions', '2016-03-16 02:57:41', '2016-03-16 02:57:43', '2016-03-16 02:57:43', '00d3c269-8d05-4748-8984-3000002dd52e');



DROP TABLE IF EXISTS `craft_plugins`;


--
-- Schema for table `craft_plugins`
--
CREATE TABLE `craft_plugins` (
  `id` int(11) NOT NULL AUTO_INCREMENT,
  `class` varchar(150) COLLATE utf8_unicode_ci NOT NULL,
  `version` varchar(15) COLLATE utf8_unicode_ci NOT NULL,
  `schemaVersion` varchar(15) COLLATE utf8_unicode_ci DEFAULT NULL,
  `licenseKey` char(24) COLLATE utf8_unicode_ci DEFAULT NULL,
  `licenseKeyStatus` enum('valid','invalid','mismatched','unknown') COLLATE utf8_unicode_ci NOT NULL DEFAULT 'unknown',
  `enabled` tinyint(1) unsigned NOT NULL DEFAULT '0',
  `settings` text COLLATE utf8_unicode_ci,
  `installDate` datetime NOT NULL,
  `dateCreated` datetime NOT NULL,
  `dateUpdated` datetime NOT NULL,
  `uid` char(36) COLLATE utf8_unicode_ci NOT NULL DEFAULT '0',
  PRIMARY KEY (`id`)
) ENGINE=InnoDB DEFAULT CHARSET=utf8 COLLATE=utf8_unicode_ci;

DROP TABLE IF EXISTS `craft_rackspaceaccess`;


--
-- Schema for table `craft_rackspaceaccess`
--
CREATE TABLE `craft_rackspaceaccess` (
  `id` int(11) NOT NULL AUTO_INCREMENT,
  `connectionKey` varchar(255) COLLATE utf8_unicode_ci NOT NULL,
  `token` varchar(255) COLLATE utf8_unicode_ci NOT NULL,
  `storageUrl` varchar(255) COLLATE utf8_unicode_ci NOT NULL,
  `cdnUrl` varchar(255) COLLATE utf8_unicode_ci NOT NULL,
  `dateCreated` datetime NOT NULL,
  `dateUpdated` datetime NOT NULL,
  `uid` char(36) COLLATE utf8_unicode_ci NOT NULL DEFAULT '0',
  PRIMARY KEY (`id`),
  UNIQUE KEY `craft_rackspaceaccess_connectionKey_unq_idx` (`connectionKey`)
) ENGINE=InnoDB DEFAULT CHARSET=utf8 COLLATE=utf8_unicode_ci;

DROP TABLE IF EXISTS `craft_relations`;


--
-- Schema for table `craft_relations`
--
CREATE TABLE `craft_relations` (
  `id` int(11) NOT NULL AUTO_INCREMENT,
  `fieldId` int(11) NOT NULL,
  `sourceId` int(11) NOT NULL,
  `sourceLocale` char(12) COLLATE utf8_unicode_ci DEFAULT NULL,
  `targetId` int(11) NOT NULL,
  `sortOrder` smallint(6) DEFAULT NULL,
  `dateCreated` datetime NOT NULL,
  `dateUpdated` datetime NOT NULL,
  `uid` char(36) COLLATE utf8_unicode_ci NOT NULL DEFAULT '0',
  PRIMARY KEY (`id`),
  UNIQUE KEY `craft_relations_fieldId_sourceId_sourceLocale_targetId_unq_idx` (`fieldId`,`sourceId`,`sourceLocale`,`targetId`),
  KEY `craft_relations_sourceId_fk` (`sourceId`),
  KEY `craft_relations_sourceLocale_fk` (`sourceLocale`),
  KEY `craft_relations_targetId_fk` (`targetId`)
) ENGINE=InnoDB AUTO_INCREMENT=16 DEFAULT CHARSET=utf8 COLLATE=utf8_unicode_ci;

--
-- Data for table `craft_relations`
--

INSERT INTO `craft_relations` (`id`, `fieldId`, `sourceId`, `sourceLocale`, `targetId`, `sortOrder`, `dateCreated`, `dateUpdated`, `uid`) VALUES
 ('5', '20', '12', NULL, '13', '1', '2016-03-22 17:56:51', '2016-03-22 17:56:51', 'e5328f47-4abc-4637-8d4d-dede2ad42777'),
 ('9', '30', '45', NULL, '41', '1', '2016-03-22 18:16:30', '2016-03-22 18:16:30', 'c1a6386c-038b-480a-8c15-10468ac4e492'),
 ('10', '30', '46', NULL, '42', '1', '2016-03-22 18:16:30', '2016-03-22 18:16:30', '38f858a0-e9ba-4dd5-a403-f02a2c80a0d8'),
 ('11', '30', '47', NULL, '43', '1', '2016-03-22 18:16:30', '2016-03-22 18:16:30', '754e05e1-34e6-43b8-ad3c-b3a0b5a95a60'),
 ('14', '34', '49', NULL, '52', '1', '2016-03-23 20:59:08', '2016-03-23 20:59:08', 'b9d8a16e-df2e-480c-afc6-54b0cd73efc8'),
 ('15', '34', '54', NULL, '53', '1', '2016-03-23 21:02:37', '2016-03-23 21:02:37', 'ed62746b-df44-4cd5-b13e-f510bafa1e26');



DROP TABLE IF EXISTS `craft_routes`;


--
-- Schema for table `craft_routes`
--
CREATE TABLE `craft_routes` (
  `id` int(11) NOT NULL AUTO_INCREMENT,
  `locale` char(12) COLLATE utf8_unicode_ci DEFAULT NULL,
  `urlParts` varchar(255) COLLATE utf8_unicode_ci NOT NULL,
  `urlPattern` varchar(255) COLLATE utf8_unicode_ci NOT NULL,
  `template` varchar(255) COLLATE utf8_unicode_ci NOT NULL,
  `sortOrder` smallint(6) unsigned DEFAULT NULL,
  `dateCreated` datetime NOT NULL,
  `dateUpdated` datetime NOT NULL,
  `uid` char(36) COLLATE utf8_unicode_ci NOT NULL DEFAULT '0',
  PRIMARY KEY (`id`),
  UNIQUE KEY `craft_routes_urlPattern_unq_idx` (`urlPattern`),
  KEY `craft_routes_locale_idx` (`locale`)
) ENGINE=InnoDB AUTO_INCREMENT=2 DEFAULT CHARSET=utf8 COLLATE=utf8_unicode_ci;

--
-- Data for table `craft_routes`
--

INSERT INTO `craft_routes` (`id`, `locale`, `urlParts`, `urlPattern`, `template`, `sortOrder`, `dateCreated`, `dateUpdated`, `uid`) VALUES
 ('1', NULL, '[\"search\\/results\"]', 'search\\/results', 'search/_results', '1', '2016-03-18 21:30:26', '2016-03-18 21:30:46', '894580d8-ee28-4090-b996-49bab89cfcb0');



DROP TABLE IF EXISTS `craft_searchindex`;


--
-- Schema for table `craft_searchindex`
--
CREATE TABLE `craft_searchindex` (
  `elementId` int(11) NOT NULL,
  `attribute` varchar(25) COLLATE utf8_unicode_ci NOT NULL,
  `fieldId` int(11) NOT NULL,
  `locale` char(12) COLLATE utf8_unicode_ci NOT NULL,
  `keywords` text COLLATE utf8_unicode_ci NOT NULL,
  PRIMARY KEY (`elementId`,`attribute`,`fieldId`,`locale`),
  FULLTEXT KEY `craft_searchindex_keywords_idx` (`keywords`)
) ENGINE=MyISAM DEFAULT CHARSET=utf8 COLLATE=utf8_unicode_ci;

--
-- Data for table `craft_searchindex`
--

INSERT INTO `craft_searchindex` (`elementId`, `attribute`, `fieldId`, `locale`, `keywords`) VALUES
 ('4', 'field', '5', 'en_us', ' reconceptualizing the right to be forgotten to enable transatlantic data flow michael l rustad sanna kulevskablack box medicine w nicholson price iireforming copyright interpretation zahr k said '),
 ('4', 'field', '3', 'en_us', ' your secret stingray s no secret anymore the vanishing government monopoly over cell phone surveillance and its impact on national security and consumer privacy stephanie k pell christopher soghoianimproving patent quality with applicant incentives stephen yeldermanfree riding cooperation and peaceful revolutions in copyright nicolas suzorthe new law of ideas robert c denicola '),
 ('4', 'field', '4', 'en_us', ' notes microsoft the botnet hunter the role of public private partnerships in mitigating botnets zach lernerthe end of post sale confusion how consumer 3d printing will diminish the function of trademarks james graceintermediary liability for harmful speech lessons from abroad corey omerthree s a crowd towards contextual integrity in third party data sharing natalie kim '),
 ('1', 'username', '0', 'en_us', ' jasonetco '),
 ('1', 'firstname', '0', 'en_us', ' jason '),
 ('1', 'lastname', '0', 'en_us', ' etcovitch '),
 ('1', 'fullname', '0', 'en_us', ' jason etcovitch '),
 ('1', 'email', '0', 'en_us', ' jasonetco gmail com '),
 ('1', 'slug', '0', 'en_us', ''),
 ('4', 'field', '1', 'en_us', ' volume 28 number 1 fall 2014 issue table of contents masthead and sponsorsarticles your secret stingray s no secret anymore the vanishing government monopoly over cell phone surveillance and its impact on national security and consumer privacy stephanie k pell christopher soghoianimproving patent quality with applicant incentives stephen yeldermanfree riding cooperation and peaceful revolutions in copyright nicolas suzorthe new law of ideas robert c denicolanotes microsoft the botnet hunter the role of public private partnerships in mitigating botnets zach lernerthe end of post sale confusion how consumer 3d printing will diminish the function of trademarks james graceintermediary liability for harmful speech lessons from abroad corey omerthree s a crowd towards contextual integrity in third party data sharing natalie kimvolume 28 number 2 spring 2015 issue table of contents masthead and sponsorsarticles reconceptualizing the right to be forgotten to enable transatlantic data flow michael l rustad sanna kulevskablack box medicine w nicholson price iireforming copyright interpretation zahr k saidnotes the nsa has not been here warrant canaries as tools for transparency in the wake of the snowden disclosures naomi gilenseducational privacy in the online classroom ferpa moocs and the big data conundrum elise younghoming in technology s place in fourth amendment jurisprudence emma raviv '),
 ('4', 'field', '2', 'en_us', ''),
 ('4', 'slug', '0', 'en_us', ' volume 28 '),
 ('4', 'title', '0', 'en_us', ' volume 28 '),
 ('5', 'field', '1', 'en_us', ' volume 27 number 1 fall 2013 issue table of contents masthead and sponsors articles reverse payments perverse incentives murat c munganstronger than kryptonite inalienable profit sharing schemes in copyright law guy a rubtechnological cost as law in intellectual property harry surdencopyright lawmaking and public choice from legislative battles to private ordering yafit lev aretz notes standards for determining when isps have fallen out of section 512 a nathan lovejoyscience patent law and epistemic legitimacy an empirical study of technically trained federal circuit judges charlie stiernberghacktivism and the first amendment drawing the line between cyber protests and crime xiang limediating with non practicing entities laura fishwick volume 27 number 2 spring 2014 issue table of contents masthead and sponsors articles university tm trademark rights accretion in higher education jacob h rooksbypower and governance in patent pools michael mattiolicopyright extremophiles do creative industries thrive or just survive in china s high piracy environment eric priest notes constructed languages and copyright a brief history and proposal for divorce michael adelmansearches of cell phones incident to arrest overview of the law as it stands and a new path forward patrick browncoining bitcoin s legal bits examining the regulatory framework for bitcoin and virtual currencies matthew kien meng ly '),
 ('5', 'field', '2', 'en_us', ''),
 ('5', 'slug', '0', 'en_us', ' volume 27 '),
 ('5', 'title', '0', 'en_us', ' volume 27 '),
 ('4', 'field', '6', 'en_us', ' notesthe nsa has not been here warrant canaries as tools for transparency in the wake of the snowden disclosures naomi gilenseducational privacy in the online classroom ferpa moocs and the big data conundrum elise younghoming in technology s place in fourth amendment jurisprudence emma raviv '),
 ('4', 'field', '7', 'en_us', ' issue table of contents masthead and sponsor '),
 ('4', 'field', '8', 'en_us', ' issue table of contents masthead and sponsors '),
 ('5', 'field', '7', 'en_us', ''),
 ('5', 'field', '3', 'en_us', ' reverse payments perverse incentives murat c munganstronger than kryptonite inalienable profit sharing schemes in copyright law guy a rubtechnological cost as law in intellectual property harry surdencopyright lawmaking and public choice from legislative battles to private ordering yafit lev aretz '),
 ('5', 'field', '4', 'en_us', ''),
 ('5', 'field', '8', 'en_us', ''),
 ('5', 'field', '5', 'en_us', ' university tm trademark rights accretion in higher education jacob h rooksbypower and governance in patent pools michael mattiolicopyright extremophiles do creative industries thrive or just survive in china s high piracy environment eric priest '),
 ('5', 'field', '6', 'en_us', ''),
 ('4', 'field', '9', 'en_us', ' 2014 12 01 '),
 ('4', 'field', '10', 'en_us', ' 2015 10 07 '),
 ('4', 'field', '11', 'en_us', ' microsoft the botnet hunter the role of public private partnerships in mitigating botnets zach lernerthe end of post sale confusion how consumer 3d printing will diminish the function of trademarks james graceintermediary liability for harmful speech lessons from abroad corey omerthree s a crowd towards contextual integrity in third party data sharing natalie kim notes '),
 ('4', 'field', '14', 'en_us', ' notes the nsa has not been here warrant canaries as tools for transparency in the wake of the snowden disclosures naomi gilenseducational privacy in the online classroom ferpa moocs and the big data conundrum elise younghoming in technology s place in fourth amendment jurisprudence emma raviv '),
 ('6', 'field', '12', 'en_us', ' notes '),
 ('6', 'field', '13', 'en_us', ' microsoft the botnet hunter the role of public private partnerships in mitigating botnets zach lernerthe end of post sale confusion how consumer 3d printing will diminish the function of trademarks james graceintermediary liability for harmful speech lessons from abroad corey omerthree s a crowd towards contextual integrity in third party data sharing natalie kim '),
 ('6', 'slug', '0', 'en_us', ''),
 ('7', 'field', '15', 'en_us', ' notes '),
 ('7', 'field', '16', 'en_us', ' the nsa has not been here warrant canaries as tools for transparency in the wake of the snowden disclosures naomi gilenseducational privacy in the online classroom ferpa moocs and the big data conundrum elise younghoming in technology s place in fourth amendment jurisprudence emma raviv '),
 ('7', 'slug', '0', 'en_us', ''),
 ('5', 'field', '9', 'en_us', ' 2014 08 07 '),
 ('5', 'field', '11', 'en_us', ' standards for determining when isps have fallen out of section 512 a nathan lovejoyscience patent law and epistemic legitimacy an empirical study of technically trained federal circuit judges charlie stiernberghacktivism and the first amendment drawing the line between cyber protests and crime xiang limediating with non practicing entities laura fishwic notes '),
 ('5', 'field', '10', 'en_us', ' 2015 03 11 '),
 ('5', 'field', '14', 'en_us', ' notes constructed languages and copyright a brief history and proposal for divorce michael adelmansearches of cell phones incident to arrest overview of the law as it stands and a new path forward patrick browncoining bitcoin s legal bits examining the regulatory framework for bitcoin and virtual currencies matthew kien meng ly '),
 ('8', 'field', '12', 'en_us', ' notes '),
 ('8', 'field', '13', 'en_us', ' standards for determining when isps have fallen out of section 512 a nathan lovejoyscience patent law and epistemic legitimacy an empirical study of technically trained federal circuit judges charlie stiernberghacktivism and the first amendment drawing the line between cyber protests and crime xiang limediating with non practicing entities laura fishwic '),
 ('8', 'slug', '0', 'en_us', ''),
 ('9', 'field', '15', 'en_us', ' notes '),
 ('9', 'field', '16', 'en_us', ' constructed languages and copyright a brief history and proposal for divorce michael adelmansearches of cell phones incident to arrest overview of the law as it stands and a new path forward patrick browncoining bitcoin s legal bits examining the regulatory framework for bitcoin and virtual currencies matthew kien meng ly '),
 ('9', 'slug', '0', 'en_us', ''),
 ('10', 'field', '9', 'en_us', ' 2012 04 01 '),
 ('10', 'field', '3', 'en_us', ' protecting open innovation the defensive patent license as a new approach to patent threats transaction costs and tactical disarmament jason schultz and jennifer m urbanopen wireless vs licensed spectrum evidence from market adoption yochai benklera face tells more than a thousand posts developing face recognition privacy in social networks yana welinderusing technology to enhance access to justice james e cabral abhijeet chavan thomas m clarke john greacen bonnie rose hough linda rexer jane ribadeneyra richard zorza '),
 ('10', 'field', '11', 'en_us', ' fix it in the mix disaggregating the record producer s copyright phil hilldownloading infringement patent law as a roadblock to the 3d printing revolution davis dohertyrethinking risks should socioeconomic and ethical considerations be incorporated into the regulation of genetically modified crops dorothy dumedical device innovation in america tensions between food and drug law and patent law adam lewin notes '),
 ('10', 'field', '10', 'en_us', ''),
 ('10', 'field', '5', 'en_us', ''),
 ('10', 'field', '14', 'en_us', ''),
 ('10', 'slug', '0', 'en_us', ' volume 26 '),
 ('10', 'title', '0', 'en_us', ' volume 26 '),
 ('11', 'field', '12', 'en_us', ' notes '),
 ('11', 'field', '13', 'en_us', ' fix it in the mix disaggregating the record producer s copyright phil hilldownloading infringement patent law as a roadblock to the 3d printing revolution davis dohertyrethinking risks should socioeconomic and ethical considerations be incorporated into the regulation of genetically modified crops dorothy dumedical device innovation in america tensions between food and drug law and patent law adam lewin '),
 ('11', 'slug', '0', 'en_us', ''),
 ('12', 'slug', '0', 'en_us', ' homepage '),
 ('12', 'title', '0', 'en_us', ' featured article '),
 ('12', 'field', '19', 'en_us', ' michael l rustad sanna kulevska '),
 ('12', 'field', '17', 'en_us', ' this article examines the implications of the google spain case as well as the full blown impact of the proposed gdpr that is estimated to go into effect in the european union in 2017 the central problem with the right to be forgotten as conceptualized by the cjeu and the commission is that the expansiveness of the right threatens to cannibalize free expression thus this article calls for a shrinking of the right to be forgotten to appropriately balance the right of data subjects to control personal information about themselves with free expression and the public interest in preserving history we propose that the eu commission operationalize free expression by narrowing the right to be forgotten for private persons public officials and public figures private persons will have the right to delete links to their own postings and repostings by third parties they will have a right to delete links to postings created by third parties upon proof that the information serves no legitimate purpose other than to embarrass or extort payment from the data subject public officials and public figures will have a right to remove links to their own postings and repostings by third parties but not postings about them by third parties unless the third party was acting with actual malice and the posting does not implicate the public s right to know in addition all right to be forgotten requests will be subject to a general exemption for the public s right to know '),
 ('13', 'filename', '0', 'en_us', ' 28harvjltech349 pdf '),
 ('13', 'extension', '0', 'en_us', ' pdf '),
 ('13', 'kind', '0', 'en_us', ' pdf '),
 ('13', 'slug', '0', 'en_us', ''),
 ('13', 'title', '0', 'en_us', ' 28 harv jltech349 '),
 ('12', 'field', '20', 'en_us', ' 28 harv jltech349 '),
 ('12', 'field', '21', 'en_us', ' jolt digest is the online companion to the harvard journal of law technology the digest features short student written articles on recent developments in areas such as patent law copyright biotechnology cybersecurity privacy telecommunications and cyberlaw '),
 ('14', 'slug', '0', 'en_us', ' digest notes '),
 ('14', 'title', '0', 'en_us', ' digest notes '),
 ('15', 'slug', '0', 'en_us', ' patent '),
 ('15', 'title', '0', 'en_us', ' patent '),
 ('16', 'slug', '0', 'en_us', ' copyright '),
 ('16', 'title', '0', 'en_us', ' copyright '),
 ('17', 'slug', '0', 'en_us', ' internet '),
 ('17', 'title', '0', 'en_us', ' internet '),
 ('18', 'slug', '0', 'en_us', ' 1 how to get involved with jolt '),
 ('18', 'title', '0', 'en_us', ' how to get involved with jolt '),
 ('19', 'slug', '0', 'en_us', ' article editor '),
 ('19', 'title', '0', 'en_us', ' article editor '),
 ('20', 'slug', '0', 'en_us', ' digest sign ups '),
 ('20', 'title', '0', 'en_us', ' digest sign ups '),
 ('21', 'slug', '0', 'en_us', ' line editor '),
 ('21', 'title', '0', 'en_us', ' line editor '),
 ('22', 'slug', '0', 'en_us', ' overview of jolt positions '),
 ('22', 'title', '0', 'en_us', ' overview of jolt positions '),
 ('23', 'slug', '0', 'en_us', ' production editor 1l '),
 ('23', 'title', '0', 'en_us', ' production editor 1l '),
 ('24', 'slug', '0', 'en_us', ' student writing '),
 ('24', 'title', '0', 'en_us', ' student writing '),
 ('25', 'slug', '0', 'en_us', ' author eligibility for student notes '),
 ('25', 'title', '0', 'en_us', ' author eligibility for student notes '),
 ('26', 'slug', '0', 'en_us', ' subciter '),
 ('26', 'title', '0', 'en_us', ' subciter '),
 ('27', 'slug', '0', 'en_us', ' technology editor '),
 ('27', 'title', '0', 'en_us', ' technology editor '),
 ('28', 'slug', '0', 'en_us', ' advising '),
 ('28', 'title', '0', 'en_us', ' advising '),
 ('29', 'slug', '0', 'en_us', ' big sib program '),
 ('29', 'title', '0', 'en_us', ' big sib program ');
INSERT INTO `craft_searchindex` (`elementId`, `attribute`, `fieldId`, `locale`, `keywords`) VALUES
 ('30', 'slug', '0', 'en_us', ' clerkship advice '),
 ('30', 'title', '0', 'en_us', ' clerkship advice '),
 ('31', 'slug', '0', 'en_us', ' course advice '),
 ('31', 'title', '0', 'en_us', ' course advice '),
 ('32', 'slug', '0', 'en_us', ' 1l international law electives '),
 ('32', 'title', '0', 'en_us', ' 1l international law electives '),
 ('33', 'slug', '0', 'en_us', ' advanced ip '),
 ('33', 'title', '0', 'en_us', ' advanced ip '),
 ('34', 'slug', '0', 'en_us', ' bankruptcy '),
 ('34', 'title', '0', 'en_us', ' bankruptcy '),
 ('35', 'slug', '0', 'en_us', ''),
 ('35', 'field', '24', 'en_us', ''),
 ('35', 'field', '22', 'en_us', ' http www cooley com index aspx cooley llp http www fenwick com fenwick west llp http www finnegan com finnegan henderson farabow garrett dunner llp http www fr com fish richardson p c '),
 ('36', 'field', '24', 'en_us', ' harvard journal of law technology harvard law school wasserstein hall suite 3050 1585 massachusetts avenue cambridge ma 02138 '),
 ('36', 'slug', '0', 'en_us', ''),
 ('36', 'field', '25', 'en_us', ' jolt mail law harvard edu '),
 ('37', 'field', '23', 'en_us', ' cooley llp '),
 ('37', 'slug', '0', 'en_us', ''),
 ('38', 'field', '23', 'en_us', ' fenwick west llp '),
 ('38', 'slug', '0', 'en_us', ''),
 ('39', 'field', '23', 'en_us', ' finnegan henderson farabow garrett dunner llp '),
 ('39', 'slug', '0', 'en_us', ''),
 ('40', 'field', '23', 'en_us', ' fish richardson p c '),
 ('40', 'slug', '0', 'en_us', ''),
 ('37', 'field', '26', 'en_us', ' http www cooley com index aspx '),
 ('38', 'field', '26', 'en_us', ' http www fenwick com '),
 ('39', 'field', '26', 'en_us', ' http www finnegan com '),
 ('40', 'field', '26', 'en_us', ' http www fr com '),
 ('41', 'slug', '0', 'en_us', ''),
 ('41', 'title', '0', 'en_us', ' jolt digest index '),
 ('42', 'slug', '0', 'en_us', ' internal wiki index '),
 ('42', 'title', '0', 'en_us', ' internal wiki index '),
 ('43', 'slug', '0', 'en_us', ''),
 ('43', 'title', '0', 'en_us', ' volumes index '),
 ('12', 'field', '27', 'en_us', ' reconceptualizing the right to be forgotten to enable transatlantic data flow current '),
 ('44', 'slug', '0', 'en_us', ''),
 ('44', 'field', '28', 'en_us', ' jolt digest index jolt digest internal wiki index internal wiki volumes index volumes google http google com '),
 ('45', 'field', '29', 'en_us', ' jolt digest '),
 ('45', 'field', '30', 'en_us', ' jolt digest index '),
 ('45', 'slug', '0', 'en_us', ''),
 ('46', 'field', '29', 'en_us', ' internal wiki '),
 ('46', 'field', '30', 'en_us', ' internal wiki index '),
 ('46', 'slug', '0', 'en_us', ''),
 ('47', 'field', '29', 'en_us', ' volumes '),
 ('47', 'field', '30', 'en_us', ' volumes index '),
 ('47', 'slug', '0', 'en_us', ''),
 ('48', 'field', '31', 'en_us', ' google '),
 ('48', 'field', '32', 'en_us', ' http google com '),
 ('48', 'slug', '0', 'en_us', ''),
 ('49', 'slug', '0', 'en_us', ' federal circuit grants privilege to communications with non attorney patent agents '),
 ('49', 'title', '0', 'en_us', ' federal circuit grants privilege to communications with non attorney patent agents '),
 ('49', 'field', '34', 'en_us', ' kitten '),
 ('49', 'field', '33', 'en_us', ' in re queen s univ at kingston no 2015 145 fed cir mar 7 2016 opinion available here the court of appeals for the federal circuit by writ of mandamus reversed an order by the u s district court for the eastern district of texas to compel production of documents containing communications between plaintiff queen s university and its non attorney patent agents the federal circuit held that communications relating to obtaining legal advice on patentability and legal services in preparing a patent application will be kept privileged even if such communications are between a client and a non attorney patent agent in doing so the court relied upon the supreme court s decision in sperry v state of florida ex rel florida bar 373 u s 379 1963 hosted by justia com which had established that patent agents did practice law albeit to a limited extent the circuit reasoned that protecting legal communications even if neither party is an attorney would serve congress intent in establishing patent agents as an alternative to attorneys in this limited context in so holding the court established for the first time a patent agent privilege overcoming the general presumption against finding new forms of privilege this petition arose out of a patent infringement suit brought by queen s university against samsung for alleged infringement of patented technologies that allow devices to change their behavior based on the attentiveness of a userfor example pausing or starting a video based on a user s eye contact with the device during discovery queen s university withheld certain documents containing communications with patent agents a magistrate judge granted a motion to compel production which the district court allowed over queen s university s objections queen s university then petitioned the circuit for a writ of mandamus in holding as it did the court relied heavily on the sperry decision to establish that patent agents preparation and prosecution of patent applications before the u s patent and trademark office does constitute the practice of law congress has authorized patent agents to advise clients and consider the advisability of various forms of protection though only within a limited scope of patent office proceedings the court accordingly limited the scope of the newly created patent agent privilege to these particular areas of patent agents work cautioning that before asserting the patent agent privilege litigants must take care to distinguish communications that are within the scope of activities authorized by congress from those that are not judge jimmie v renya dissented from the majority opinion unconvinced that patent agents activities warranted a departure from the general presumption against the creation of new privileges judge renya emphasized that the factors that lead the supreme court to extend privilege to psychotherapist patient communications in jaffee v redmond 518 u s 1 1996 were not present here the majority agreed that the factors cited in jaffee did not apply but argued that those factors did not point against an extension of privilege in this case the dissent also questioned whether the legislature rather than the court ought to decide extensions of new privileges in response to this the majority pointed to 1934 s rules enabling act which allows the courts to craft the federal rules of civil procedure and of evidence the national law review provides a summary of the ruling practitioners from mayer brown and pearl cohen have also weighed in each highlighting the increased confidence that clients may have in communicating with their patent agents a benefit the court had also noted all three commentaries however urge caution with regard to the narrow categories of communications covered by the new patent agent privilege pearl cohen in particular speculated that new litigation might include disputes over whether communications fall within the privilege '),
 ('50', 'field', '20', 'en_us', ''),
 ('50', 'filename', '0', 'en_us', ' kitten jpeg '),
 ('50', 'extension', '0', 'en_us', ' jpeg '),
 ('50', 'kind', '0', 'en_us', ' image '),
 ('50', 'slug', '0', 'en_us', ''),
 ('50', 'title', '0', 'en_us', ' kitten '),
 ('51', 'field', '20', 'en_us', ''),
 ('51', 'filename', '0', 'en_us', ' kitten jpeg '),
 ('51', 'extension', '0', 'en_us', ' jpeg '),
 ('51', 'kind', '0', 'en_us', ' image '),
 ('51', 'slug', '0', 'en_us', ''),
 ('51', 'title', '0', 'en_us', ' kitten '),
 ('52', 'field', '20', 'en_us', ''),
 ('52', 'filename', '0', 'en_us', ' kitten jpeg '),
 ('52', 'extension', '0', 'en_us', ' jpeg '),
 ('52', 'kind', '0', 'en_us', ' image '),
 ('52', 'slug', '0', 'en_us', ''),
 ('52', 'title', '0', 'en_us', ' kitten '),
 ('49', 'field', '35', 'en_us', ' by kevin crenny edited by stacy ruegilin '),
 ('53', 'field', '20', 'en_us', ''),
 ('53', 'filename', '0', 'en_us', ' paul rand jpg '),
 ('53', 'extension', '0', 'en_us', ' jpg '),
 ('53', 'kind', '0', 'en_us', ' image '),
 ('53', 'slug', '0', 'en_us', ''),
 ('53', 'title', '0', 'en_us', ' paul rand '),
 ('54', 'field', '35', 'en_us', ' by gia velasquez edited by olga slobodyanyuk '),
 ('54', 'field', '34', 'en_us', ' paul rand '),
 ('54', 'field', '33', 'en_us', ' the federal aviation association implements a mandatory registration process for dronesthe mandatory registration process of small unmanned aircraft uas by the federal aviation association faa in december drewconsiderable speculation regarding the necessity of the registration process researchers at george mason university s mercatus center investigated the risk of small drones on air traffic by studying the effects of wildlife collisions with aircraft and estimate that one damaging incident will occur no more than every 1 87 million years of 2kg uas flight time the study acknowledges that uas may be more damaging to aircraft than wildlife but conclude that the probability of a collision occurring is at an acceptable level the fda expedites the review process for generic pharmaceutical drugsthe food and drug administration has introduced an expedited review process for generic pharmaceutical drugs that would compete with an off patent drug produced by a single company when a patent expires the patent holder can raise drug prices because of its exclusive hold on the market making it unattractive for new producers to join estimating the change will affect as many as 125 generic drugs the fda hopes to foil plans of drug manufacturers such as martin shkreli the former ceo of turing pharmaceuticals who famously increased the price of an antiparasitic drug tablet from $13 50 to $750 senate rejects gmo labeling billthe senate rejected a bill that would have established voluntary labeling of genetically modified organisms gmo democrat senator jon tester and organic farmer from montana called the bill a bad bad bad policy because the voluntary standards are no standards at all if it had passed the bill would have preempted vermont s mandatory gmo labeling law which is scheduled to take effect on july 1 2016 though gmo labeling is a highly disputed issue general mills received no sales benefit from labeling cheerios as gmo free '),
 ('54', 'slug', '0', 'en_us', ' flash digest news in brief '),
 ('54', 'title', '0', 'en_us', ' flash digest news in brief ');



DROP TABLE IF EXISTS `craft_sections`;


--
-- Schema for table `craft_sections`
--
CREATE TABLE `craft_sections` (
  `id` int(11) NOT NULL AUTO_INCREMENT,
  `structureId` int(11) DEFAULT NULL,
  `name` varchar(255) COLLATE utf8_unicode_ci NOT NULL,
  `handle` varchar(255) COLLATE utf8_unicode_ci NOT NULL,
  `type` enum('single','channel','structure') COLLATE utf8_unicode_ci NOT NULL DEFAULT 'channel',
  `hasUrls` tinyint(1) unsigned NOT NULL DEFAULT '1',
  `template` varchar(500) COLLATE utf8_unicode_ci DEFAULT NULL,
  `enableVersioning` tinyint(1) unsigned NOT NULL DEFAULT '0',
  `dateCreated` datetime NOT NULL,
  `dateUpdated` datetime NOT NULL,
  `uid` char(36) COLLATE utf8_unicode_ci NOT NULL DEFAULT '0',
  PRIMARY KEY (`id`),
  UNIQUE KEY `craft_sections_name_unq_idx` (`name`),
  UNIQUE KEY `craft_sections_handle_unq_idx` (`handle`),
  KEY `craft_sections_structureId_fk` (`structureId`)
) ENGINE=InnoDB AUTO_INCREMENT=9 DEFAULT CHARSET=utf8 COLLATE=utf8_unicode_ci;

--
-- Data for table `craft_sections`
--

INSERT INTO `craft_sections` (`id`, `structureId`, `name`, `handle`, `type`, `hasUrls`, `template`, `enableVersioning`, `dateCreated`, `dateUpdated`, `uid`) VALUES
 ('2', NULL, 'Volumes', 'volumes', 'channel', '1', 'volumes/_entry', '1', '2016-03-16 02:57:48', '2016-03-19 01:50:44', 'ff41d331-50f8-42ed-9dfd-6ccbd8856a30'),
 ('3', NULL, 'Homepage', 'homepage', 'single', '1', 'index', '1', '2016-03-19 17:54:17', '2016-03-19 17:54:17', '001eebfa-797c-455c-a258-9304b034d6e1'),
 ('4', NULL, 'JOLT Digest', 'digest', 'channel', '1', 'jolt-digest/_entry', '1', '2016-03-19 20:04:22', '2016-03-19 20:04:22', 'a4db5201-f8c6-47ce-bfac-44cb17f2d940'),
 ('5', '2', 'Internal Wiki', 'wiki', 'structure', '1', 'wiki/_entry', '1', '2016-03-22 02:21:02', '2016-03-22 02:21:02', 'f8d1cd65-fcf8-4318-9a7b-dc4e09c55ea7'),
 ('6', NULL, 'JOLT Digest Index', 'joltDigestIndex', 'single', '1', 'jolt-digest/_index', '1', '2016-03-22 17:49:27', '2016-03-22 17:49:27', '2aa5d4c6-abaf-46e5-a600-1529ce503fec'),
 ('7', NULL, 'Internal Wiki Index', 'internalWikiIndex', 'single', '1', 'wiki/_index', '1', '2016-03-22 17:49:58', '2016-03-22 17:57:14', '735a2824-12d8-4826-88bc-b46f4caa9c66'),
 ('8', NULL, 'Volumes Index', 'volumesIndex', 'single', '1', 'volumes/_index', '1', '2016-03-22 17:50:15', '2016-03-22 17:50:15', '97ec7088-ae3f-4716-8af6-e2536c9ae734');



DROP TABLE IF EXISTS `craft_sections_i18n`;


--
-- Schema for table `craft_sections_i18n`
--
CREATE TABLE `craft_sections_i18n` (
  `id` int(11) NOT NULL AUTO_INCREMENT,
  `sectionId` int(11) NOT NULL,
  `locale` char(12) COLLATE utf8_unicode_ci NOT NULL,
  `enabledByDefault` tinyint(1) unsigned NOT NULL DEFAULT '1',
  `urlFormat` text COLLATE utf8_unicode_ci,
  `nestedUrlFormat` text COLLATE utf8_unicode_ci,
  `dateCreated` datetime NOT NULL,
  `dateUpdated` datetime NOT NULL,
  `uid` char(36) COLLATE utf8_unicode_ci NOT NULL DEFAULT '0',
  PRIMARY KEY (`id`),
  UNIQUE KEY `craft_sections_i18n_sectionId_locale_unq_idx` (`sectionId`,`locale`),
  KEY `craft_sections_i18n_locale_fk` (`locale`)
) ENGINE=InnoDB AUTO_INCREMENT=9 DEFAULT CHARSET=utf8 COLLATE=utf8_unicode_ci;

--
-- Data for table `craft_sections_i18n`
--

INSERT INTO `craft_sections_i18n` (`id`, `sectionId`, `locale`, `enabledByDefault`, `urlFormat`, `nestedUrlFormat`, `dateCreated`, `dateUpdated`, `uid`) VALUES
 ('2', '2', 'en_us', '1', 'volumes/{slug}', NULL, '2016-03-16 02:57:48', '2016-03-19 01:50:44', '649099ef-e5b6-4e01-9b7f-216950a0867e'),
 ('3', '3', 'en_us', '1', '__home__', NULL, '2016-03-19 17:54:17', '2016-03-19 17:54:17', '2ba8d2e0-61d8-40b2-9cd5-49847529c6ae'),
 ('4', '4', 'en_us', '1', 'jolt-digest/{slug}', NULL, '2016-03-19 20:04:22', '2016-03-19 20:04:22', '6cdee0b9-cb04-444c-ace8-a8d76b8341fa'),
 ('5', '5', 'en_us', '1', 'wiki/{slug}', '{parent.uri}/{slug}', '2016-03-22 02:21:02', '2016-03-22 02:21:02', '29950b2a-bcde-4489-a995-7f98e37e75ee'),
 ('6', '6', 'en_us', '1', 'jolt-digest', NULL, '2016-03-22 17:49:27', '2016-03-22 17:49:27', 'eaf08267-e621-4cf4-8de7-e3b12108cfa3'),
 ('7', '7', 'en_us', '1', 'wiki', NULL, '2016-03-22 17:49:58', '2016-03-22 17:57:14', '6c551fc3-d1c8-438e-82a9-9c6e662101de'),
 ('8', '8', 'en_us', '1', 'volumes', NULL, '2016-03-22 17:50:15', '2016-03-22 17:50:15', '705d3eec-7294-4fe3-a7b9-e3ed2f403b24');



DROP TABLE IF EXISTS `craft_sessions`;


--
-- Schema for table `craft_sessions`
--
CREATE TABLE `craft_sessions` (
  `id` int(11) NOT NULL AUTO_INCREMENT,
  `userId` int(11) NOT NULL,
  `token` char(100) COLLATE utf8_unicode_ci NOT NULL,
  `dateCreated` datetime NOT NULL,
  `dateUpdated` datetime NOT NULL,
  `uid` char(36) COLLATE utf8_unicode_ci NOT NULL DEFAULT '0',
  PRIMARY KEY (`id`),
  KEY `craft_sessions_uid_idx` (`uid`),
  KEY `craft_sessions_token_idx` (`token`),
  KEY `craft_sessions_dateUpdated_idx` (`dateUpdated`),
  KEY `craft_sessions_userId_fk` (`userId`)
) ENGINE=InnoDB AUTO_INCREMENT=13 DEFAULT CHARSET=utf8 COLLATE=utf8_unicode_ci;

DROP TABLE IF EXISTS `craft_shunnedmessages`;


--
-- Schema for table `craft_shunnedmessages`
--
CREATE TABLE `craft_shunnedmessages` (
  `id` int(11) NOT NULL AUTO_INCREMENT,
  `userId` int(11) NOT NULL,
  `message` varchar(255) COLLATE utf8_unicode_ci NOT NULL,
  `expiryDate` datetime DEFAULT NULL,
  `dateCreated` datetime NOT NULL,
  `dateUpdated` datetime NOT NULL,
  `uid` char(36) COLLATE utf8_unicode_ci NOT NULL DEFAULT '0',
  PRIMARY KEY (`id`),
  UNIQUE KEY `craft_shunnedmessages_userId_message_unq_idx` (`userId`,`message`)
) ENGINE=InnoDB DEFAULT CHARSET=utf8 COLLATE=utf8_unicode_ci;

DROP TABLE IF EXISTS `craft_structureelements`;


--
-- Schema for table `craft_structureelements`
--
CREATE TABLE `craft_structureelements` (
  `id` int(11) NOT NULL AUTO_INCREMENT,
  `structureId` int(11) NOT NULL,
  `elementId` int(11) DEFAULT NULL,
  `root` int(11) unsigned DEFAULT NULL,
  `lft` int(11) unsigned NOT NULL,
  `rgt` int(11) unsigned NOT NULL,
  `level` smallint(6) unsigned NOT NULL,
  `dateCreated` datetime NOT NULL,
  `dateUpdated` datetime NOT NULL,
  `uid` char(36) COLLATE utf8_unicode_ci NOT NULL DEFAULT '0',
  PRIMARY KEY (`id`),
  UNIQUE KEY `craft_structureelements_structureId_elementId_unq_idx` (`structureId`,`elementId`),
  KEY `craft_structureelements_root_idx` (`root`),
  KEY `craft_structureelements_lft_idx` (`lft`),
  KEY `craft_structureelements_rgt_idx` (`rgt`),
  KEY `craft_structureelements_level_idx` (`level`),
  KEY `craft_structureelements_elementId_fk` (`elementId`)
) ENGINE=InnoDB AUTO_INCREMENT=24 DEFAULT CHARSET=utf8 COLLATE=utf8_unicode_ci;

--
-- Data for table `craft_structureelements`
--

INSERT INTO `craft_structureelements` (`id`, `structureId`, `elementId`, `root`, `lft`, `rgt`, `level`, `dateCreated`, `dateUpdated`, `uid`) VALUES
 ('1', '1', NULL, '1', '1', '10', '0', '2016-03-22 02:17:49', '2016-03-22 02:17:49', '9d9bbefa-9f48-4f47-971c-0a4ee07c3876'),
 ('2', '1', '14', '1', '2', '3', '1', '2016-03-22 02:17:49', '2016-03-22 02:17:49', '364b84a4-9e8c-492c-bb9c-4ab30d4c9f88'),
 ('3', '1', '15', '1', '4', '5', '1', '2016-03-22 02:18:14', '2016-03-22 02:18:14', '5505e317-fe07-46df-8938-332e04696bd1'),
 ('4', '1', '16', '1', '6', '7', '1', '2016-03-22 02:18:30', '2016-03-22 02:18:30', '0de02fe1-5962-44a7-8c29-949b9e51d393'),
 ('5', '1', '17', '1', '8', '9', '1', '2016-03-22 02:18:37', '2016-03-22 02:18:37', 'f6f43b75-4e9e-44bd-b753-34a9c001b691'),
 ('6', '2', NULL, '6', '1', '36', '0', '2016-03-22 03:21:02', '2016-03-22 03:21:02', 'b4bbc647-0837-4990-9c3c-2e28fe9f98c3'),
 ('7', '2', '18', '6', '2', '21', '1', '2016-03-22 03:21:02', '2016-03-22 03:21:02', 'cbcecd0a-e5b1-46f0-a262-58aff50552d2'),
 ('8', '2', '19', '6', '3', '4', '2', '2016-03-22 03:21:25', '2016-03-22 03:21:25', '32e74eae-dd19-46bd-8dc8-ab78f587cb24'),
 ('9', '2', '20', '6', '5', '6', '2', '2016-03-22 03:33:08', '2016-03-22 03:33:08', '07bc8947-f8c4-47d1-aacf-a485b22af75f'),
 ('10', '2', '21', '6', '7', '8', '2', '2016-03-22 03:36:20', '2016-03-22 03:36:20', 'd85d0306-2db8-4983-9245-399c4096f1ec'),
 ('11', '2', '22', '6', '9', '10', '2', '2016-03-22 03:36:29', '2016-03-22 03:36:29', 'ae48b85f-e681-4ea2-a214-b03a892b31f5'),
 ('12', '2', '23', '6', '11', '12', '2', '2016-03-22 03:36:49', '2016-03-22 03:36:49', '31af2755-dcd4-4038-96fb-d7e5a986cc4f'),
 ('13', '2', '24', '6', '13', '16', '2', '2016-03-22 03:37:04', '2016-03-22 03:37:04', 'c08c4340-e3cd-405f-976e-9e21ca53f8b2'),
 ('14', '2', '25', '6', '14', '15', '3', '2016-03-22 03:37:16', '2016-03-22 03:37:16', 'b5e08f33-b2ab-43a6-b115-eff314470c98'),
 ('15', '2', '26', '6', '17', '18', '2', '2016-03-22 03:37:29', '2016-03-22 03:37:29', '2975a6e9-158e-4799-a8b7-dfdbfcc93c4f'),
 ('16', '2', '27', '6', '19', '20', '2', '2016-03-22 03:40:57', '2016-03-22 03:40:57', '85152d9c-df7a-421d-81e7-55db1002568b'),
 ('17', '2', '28', '6', '22', '35', '1', '2016-03-22 03:41:24', '2016-03-22 03:41:24', '2e7ea5dd-bf9c-41a8-ba65-3d65d7b41ee0'),
 ('18', '2', '29', '6', '23', '24', '2', '2016-03-22 03:42:16', '2016-03-22 03:42:16', '8c3f43d3-136c-4b91-b21e-e85e1a637d3c'),
 ('19', '2', '30', '6', '25', '26', '2', '2016-03-22 03:42:30', '2016-03-22 03:42:30', 'e2786304-4a3d-44de-8c99-55886d61f526'),
 ('20', '2', '31', '6', '27', '34', '2', '2016-03-22 03:42:44', '2016-03-22 03:42:44', '63f7d852-b103-40b9-ad41-22db4d9cbbf1'),
 ('21', '2', '32', '6', '28', '29', '3', '2016-03-22 03:43:02', '2016-03-22 03:43:02', '0831113f-8203-4e5d-9d91-9f1fa52b3f63'),
 ('22', '2', '33', '6', '30', '31', '3', '2016-03-22 03:43:15', '2016-03-22 03:43:15', '93a9116d-5467-44a9-905c-36fece272ba0'),
 ('23', '2', '34', '6', '32', '33', '3', '2016-03-22 03:43:33', '2016-03-22 03:43:33', '27b71f76-3e0b-47cb-b13c-1541d0735760');



DROP TABLE IF EXISTS `craft_structures`;


--
-- Schema for table `craft_structures`
--
CREATE TABLE `craft_structures` (
  `id` int(11) NOT NULL AUTO_INCREMENT,
  `maxLevels` smallint(6) unsigned DEFAULT NULL,
  `dateCreated` datetime NOT NULL,
  `dateUpdated` datetime NOT NULL,
  `uid` char(36) COLLATE utf8_unicode_ci NOT NULL DEFAULT '0',
  PRIMARY KEY (`id`)
) ENGINE=InnoDB AUTO_INCREMENT=3 DEFAULT CHARSET=utf8 COLLATE=utf8_unicode_ci;

--
-- Data for table `craft_structures`
--

INSERT INTO `craft_structures` (`id`, `maxLevels`, `dateCreated`, `dateUpdated`, `uid`) VALUES
 ('1', NULL, '2016-03-22 02:17:30', '2016-03-22 02:17:30', '7e94c3ae-5240-47cd-b860-4085b5e1e0b2'),
 ('2', NULL, '2016-03-22 02:21:02', '2016-03-22 02:21:02', '89041f98-298a-4ff4-be1d-0da72b2cebdd');



DROP TABLE IF EXISTS `craft_systemsettings`;


--
-- Schema for table `craft_systemsettings`
--
CREATE TABLE `craft_systemsettings` (
  `id` int(11) NOT NULL AUTO_INCREMENT,
  `category` varchar(15) COLLATE utf8_unicode_ci NOT NULL,
  `settings` text COLLATE utf8_unicode_ci,
  `dateCreated` datetime NOT NULL,
  `dateUpdated` datetime NOT NULL,
  `uid` char(36) COLLATE utf8_unicode_ci NOT NULL DEFAULT '0',
  PRIMARY KEY (`id`),
  UNIQUE KEY `craft_systemsettings_category_unq_idx` (`category`)
) ENGINE=InnoDB AUTO_INCREMENT=2 DEFAULT CHARSET=utf8 COLLATE=utf8_unicode_ci;

--
-- Data for table `craft_systemsettings`
--

INSERT INTO `craft_systemsettings` (`id`, `category`, `settings`, `dateCreated`, `dateUpdated`, `uid`) VALUES
 ('1', 'email', '{\"protocol\":\"php\",\"emailAddress\":\"jasonetco@gmail.com\",\"senderName\":\"Harvard Journal of Law and Technology\"}', '2016-03-16 02:57:46', '2016-03-16 02:57:46', 'f3baa01c-f581-4d00-9bfa-604e84aebde8');



DROP TABLE IF EXISTS `craft_taggroups`;


--
-- Schema for table `craft_taggroups`
--
CREATE TABLE `craft_taggroups` (
  `id` int(11) NOT NULL AUTO_INCREMENT,
  `name` varchar(255) COLLATE utf8_unicode_ci NOT NULL,
  `handle` varchar(255) COLLATE utf8_unicode_ci NOT NULL,
  `fieldLayoutId` int(11) DEFAULT NULL,
  `dateCreated` datetime NOT NULL,
  `dateUpdated` datetime NOT NULL,
  `uid` char(36) COLLATE utf8_unicode_ci NOT NULL DEFAULT '0',
  PRIMARY KEY (`id`),
  UNIQUE KEY `craft_taggroups_name_unq_idx` (`name`),
  UNIQUE KEY `craft_taggroups_handle_unq_idx` (`handle`),
  KEY `craft_taggroups_fieldLayoutId_fk` (`fieldLayoutId`)
) ENGINE=InnoDB AUTO_INCREMENT=2 DEFAULT CHARSET=utf8 COLLATE=utf8_unicode_ci;

--
-- Data for table `craft_taggroups`
--

INSERT INTO `craft_taggroups` (`id`, `name`, `handle`, `fieldLayoutId`, `dateCreated`, `dateUpdated`, `uid`) VALUES
 ('1', 'Default', 'default', '1', '2016-03-16 02:57:46', '2016-03-16 02:57:46', '6f960f26-54d7-4d91-b8ec-6b820a53311f');



DROP TABLE IF EXISTS `craft_tags`;


--
-- Schema for table `craft_tags`
--
CREATE TABLE `craft_tags` (
  `id` int(11) NOT NULL,
  `groupId` int(11) NOT NULL,
  `dateCreated` datetime NOT NULL,
  `dateUpdated` datetime NOT NULL,
  `uid` char(36) COLLATE utf8_unicode_ci NOT NULL DEFAULT '0',
  PRIMARY KEY (`id`),
  KEY `craft_tags_groupId_fk` (`groupId`)
) ENGINE=InnoDB DEFAULT CHARSET=utf8 COLLATE=utf8_unicode_ci;

DROP TABLE IF EXISTS `craft_tasks`;


--
-- Schema for table `craft_tasks`
--
CREATE TABLE `craft_tasks` (
  `id` int(11) NOT NULL AUTO_INCREMENT,
  `root` int(11) unsigned DEFAULT NULL,
  `lft` int(11) unsigned NOT NULL,
  `rgt` int(11) unsigned NOT NULL,
  `level` smallint(6) unsigned NOT NULL,
  `currentStep` int(11) unsigned DEFAULT NULL,
  `totalSteps` int(11) unsigned DEFAULT NULL,
  `status` enum('pending','error','running') COLLATE utf8_unicode_ci DEFAULT NULL,
  `type` varchar(150) COLLATE utf8_unicode_ci NOT NULL,
  `description` varchar(255) COLLATE utf8_unicode_ci DEFAULT NULL,
  `settings` text COLLATE utf8_unicode_ci,
  `dateCreated` datetime NOT NULL,
  `dateUpdated` datetime NOT NULL,
  `uid` char(36) COLLATE utf8_unicode_ci NOT NULL DEFAULT '0',
  PRIMARY KEY (`id`),
  KEY `craft_tasks_root_idx` (`root`),
  KEY `craft_tasks_lft_idx` (`lft`),
  KEY `craft_tasks_rgt_idx` (`rgt`),
  KEY `craft_tasks_level_idx` (`level`)
) ENGINE=InnoDB DEFAULT CHARSET=utf8 COLLATE=utf8_unicode_ci;

DROP TABLE IF EXISTS `craft_templatecachecriteria`;


--
-- Schema for table `craft_templatecachecriteria`
--
CREATE TABLE `craft_templatecachecriteria` (
  `id` int(11) NOT NULL AUTO_INCREMENT,
  `cacheId` int(11) NOT NULL,
  `type` varchar(150) COLLATE utf8_unicode_ci NOT NULL,
  `criteria` text COLLATE utf8_unicode_ci NOT NULL,
  PRIMARY KEY (`id`),
  KEY `craft_templatecachecriteria_cacheId_fk` (`cacheId`),
  KEY `craft_templatecachecriteria_type_idx` (`type`)
) ENGINE=InnoDB DEFAULT CHARSET=utf8 COLLATE=utf8_unicode_ci;

DROP TABLE IF EXISTS `craft_templatecacheelements`;


--
-- Schema for table `craft_templatecacheelements`
--
CREATE TABLE `craft_templatecacheelements` (
  `cacheId` int(11) NOT NULL,
  `elementId` int(11) NOT NULL,
  KEY `craft_templatecacheelements_cacheId_fk` (`cacheId`),
  KEY `craft_templatecacheelements_elementId_fk` (`elementId`)
) ENGINE=InnoDB DEFAULT CHARSET=utf8 COLLATE=utf8_unicode_ci;

DROP TABLE IF EXISTS `craft_templatecaches`;


--
-- Schema for table `craft_templatecaches`
--
CREATE TABLE `craft_templatecaches` (
  `id` int(11) NOT NULL AUTO_INCREMENT,
  `cacheKey` varchar(255) COLLATE utf8_unicode_ci NOT NULL,
  `locale` char(12) COLLATE utf8_unicode_ci NOT NULL,
  `path` varchar(255) COLLATE utf8_unicode_ci DEFAULT NULL,
  `expiryDate` datetime NOT NULL,
  `body` mediumtext COLLATE utf8_unicode_ci NOT NULL,
  PRIMARY KEY (`id`),
  KEY `craft_templatecaches_expiryDate_cacheKey_locale_path_idx` (`expiryDate`,`cacheKey`,`locale`,`path`),
  KEY `craft_templatecaches_locale_fk` (`locale`)
) ENGINE=InnoDB DEFAULT CHARSET=utf8 COLLATE=utf8_unicode_ci;

DROP TABLE IF EXISTS `craft_tokens`;


--
-- Schema for table `craft_tokens`
--
CREATE TABLE `craft_tokens` (
  `id` int(11) NOT NULL AUTO_INCREMENT,
  `token` char(32) COLLATE utf8_unicode_ci NOT NULL,
  `route` text COLLATE utf8_unicode_ci,
  `usageLimit` tinyint(3) unsigned DEFAULT NULL,
  `usageCount` tinyint(3) unsigned DEFAULT NULL,
  `expiryDate` datetime NOT NULL,
  `dateCreated` datetime NOT NULL,
  `dateUpdated` datetime NOT NULL,
  `uid` char(36) COLLATE utf8_unicode_ci NOT NULL DEFAULT '0',
  PRIMARY KEY (`id`),
  UNIQUE KEY `craft_tokens_token_unq_idx` (`token`),
  KEY `craft_tokens_expiryDate_idx` (`expiryDate`)
) ENGINE=InnoDB DEFAULT CHARSET=utf8 COLLATE=utf8_unicode_ci;

DROP TABLE IF EXISTS `craft_usergroups`;


--
-- Schema for table `craft_usergroups`
--
CREATE TABLE `craft_usergroups` (
  `id` int(11) NOT NULL AUTO_INCREMENT,
  `name` varchar(255) COLLATE utf8_unicode_ci NOT NULL,
  `handle` varchar(255) COLLATE utf8_unicode_ci NOT NULL,
  `dateCreated` datetime NOT NULL,
  `dateUpdated` datetime NOT NULL,
  `uid` char(36) COLLATE utf8_unicode_ci NOT NULL DEFAULT '0',
  PRIMARY KEY (`id`)
) ENGINE=InnoDB DEFAULT CHARSET=utf8 COLLATE=utf8_unicode_ci;

DROP TABLE IF EXISTS `craft_usergroups_users`;


--
-- Schema for table `craft_usergroups_users`
--
CREATE TABLE `craft_usergroups_users` (
  `id` int(11) NOT NULL AUTO_INCREMENT,
  `groupId` int(11) NOT NULL,
  `userId` int(11) NOT NULL,
  `dateCreated` datetime NOT NULL,
  `dateUpdated` datetime NOT NULL,
  `uid` char(36) COLLATE utf8_unicode_ci NOT NULL DEFAULT '0',
  PRIMARY KEY (`id`),
  UNIQUE KEY `craft_usergroups_users_groupId_userId_unq_idx` (`groupId`,`userId`),
  KEY `craft_usergroups_users_userId_fk` (`userId`)
) ENGINE=InnoDB DEFAULT CHARSET=utf8 COLLATE=utf8_unicode_ci;

DROP TABLE IF EXISTS `craft_userpermissions`;


--
-- Schema for table `craft_userpermissions`
--
CREATE TABLE `craft_userpermissions` (
  `id` int(11) NOT NULL AUTO_INCREMENT,
  `name` varchar(255) COLLATE utf8_unicode_ci NOT NULL,
  `dateCreated` datetime NOT NULL,
  `dateUpdated` datetime NOT NULL,
  `uid` char(36) COLLATE utf8_unicode_ci NOT NULL DEFAULT '0',
  PRIMARY KEY (`id`),
  UNIQUE KEY `craft_userpermissions_name_unq_idx` (`name`)
) ENGINE=InnoDB DEFAULT CHARSET=utf8 COLLATE=utf8_unicode_ci;

DROP TABLE IF EXISTS `craft_userpermissions_usergroups`;


--
-- Schema for table `craft_userpermissions_usergroups`
--
CREATE TABLE `craft_userpermissions_usergroups` (
  `id` int(11) NOT NULL AUTO_INCREMENT,
  `permissionId` int(11) NOT NULL,
  `groupId` int(11) NOT NULL,
  `dateCreated` datetime NOT NULL,
  `dateUpdated` datetime NOT NULL,
  `uid` char(36) COLLATE utf8_unicode_ci NOT NULL DEFAULT '0',
  PRIMARY KEY (`id`),
  UNIQUE KEY `craft_userpermissions_usergroups_permissionId_groupId_unq_idx` (`permissionId`,`groupId`),
  KEY `craft_userpermissions_usergroups_groupId_fk` (`groupId`)
) ENGINE=InnoDB DEFAULT CHARSET=utf8 COLLATE=utf8_unicode_ci;

DROP TABLE IF EXISTS `craft_userpermissions_users`;


--
-- Schema for table `craft_userpermissions_users`
--
CREATE TABLE `craft_userpermissions_users` (
  `id` int(11) NOT NULL AUTO_INCREMENT,
  `permissionId` int(11) NOT NULL,
  `userId` int(11) NOT NULL,
  `dateCreated` datetime NOT NULL,
  `dateUpdated` datetime NOT NULL,
  `uid` char(36) COLLATE utf8_unicode_ci NOT NULL DEFAULT '0',
  PRIMARY KEY (`id`),
  UNIQUE KEY `craft_userpermissions_users_permissionId_userId_unq_idx` (`permissionId`,`userId`),
  KEY `craft_userpermissions_users_userId_fk` (`userId`)
) ENGINE=InnoDB DEFAULT CHARSET=utf8 COLLATE=utf8_unicode_ci;

DROP TABLE IF EXISTS `craft_users`;


--
-- Schema for table `craft_users`
--
CREATE TABLE `craft_users` (
  `id` int(11) NOT NULL,
  `username` varchar(100) COLLATE utf8_unicode_ci NOT NULL,
  `photo` varchar(100) COLLATE utf8_unicode_ci DEFAULT NULL,
  `firstName` varchar(100) COLLATE utf8_unicode_ci DEFAULT NULL,
  `lastName` varchar(100) COLLATE utf8_unicode_ci DEFAULT NULL,
  `email` varchar(255) COLLATE utf8_unicode_ci NOT NULL,
  `password` char(255) COLLATE utf8_unicode_ci DEFAULT NULL,
  `preferredLocale` char(12) COLLATE utf8_unicode_ci DEFAULT NULL,
  `weekStartDay` tinyint(1) unsigned NOT NULL DEFAULT '0',
  `admin` tinyint(1) unsigned NOT NULL DEFAULT '0',
  `client` tinyint(1) unsigned NOT NULL DEFAULT '0',
  `locked` tinyint(1) unsigned NOT NULL DEFAULT '0',
  `suspended` tinyint(1) unsigned NOT NULL DEFAULT '0',
  `pending` tinyint(1) unsigned NOT NULL DEFAULT '0',
  `archived` tinyint(1) unsigned NOT NULL DEFAULT '0',
  `lastLoginDate` datetime DEFAULT NULL,
  `lastLoginAttemptIPAddress` varchar(45) COLLATE utf8_unicode_ci DEFAULT NULL,
  `invalidLoginWindowStart` datetime DEFAULT NULL,
  `invalidLoginCount` tinyint(4) unsigned DEFAULT NULL,
  `lastInvalidLoginDate` datetime DEFAULT NULL,
  `lockoutDate` datetime DEFAULT NULL,
  `verificationCode` char(100) COLLATE utf8_unicode_ci DEFAULT NULL,
  `verificationCodeIssuedDate` datetime DEFAULT NULL,
  `unverifiedEmail` varchar(255) COLLATE utf8_unicode_ci DEFAULT NULL,
  `passwordResetRequired` tinyint(1) unsigned NOT NULL DEFAULT '0',
  `lastPasswordChangeDate` datetime DEFAULT NULL,
  `dateCreated` datetime NOT NULL,
  `dateUpdated` datetime NOT NULL,
  `uid` char(36) COLLATE utf8_unicode_ci NOT NULL DEFAULT '0',
  PRIMARY KEY (`id`),
  UNIQUE KEY `craft_users_username_unq_idx` (`username`),
  UNIQUE KEY `craft_users_email_unq_idx` (`email`),
  KEY `craft_users_verificationCode_idx` (`verificationCode`),
  KEY `craft_users_uid_idx` (`uid`),
  KEY `craft_users_preferredLocale_fk` (`preferredLocale`)
) ENGINE=InnoDB DEFAULT CHARSET=utf8 COLLATE=utf8_unicode_ci;

--
-- Data for table `craft_users`
--

INSERT INTO `craft_users` (`id`, `username`, `photo`, `firstName`, `lastName`, `email`, `password`, `preferredLocale`, `weekStartDay`, `admin`, `client`, `locked`, `suspended`, `pending`, `archived`, `lastLoginDate`, `lastLoginAttemptIPAddress`, `invalidLoginWindowStart`, `invalidLoginCount`, `lastInvalidLoginDate`, `lockoutDate`, `verificationCode`, `verificationCodeIssuedDate`, `unverifiedEmail`, `passwordResetRequired`, `lastPasswordChangeDate`, `dateCreated`, `dateUpdated`, `uid`) VALUES
 ('1', 'jasonetco', NULL, 'Jason', 'Etcovitch', 'jasonetco@gmail.com', '$2y$13$IfUVcRGT4OYcuNORzsWINOJMuTTowGnMue08ABAQ1yA6Yd0Rbeo.q', NULL, '0', '1', '0', '0', '0', '0', '0', '2016-04-19 02:18:15', '::1', NULL, NULL, '2016-03-23 22:16:01', NULL, NULL, NULL, NULL, '0', '2016-03-16 02:57:44', '2016-03-16 02:57:44', '2016-04-19 02:18:15', 'd220f591-367e-4c07-8d16-161520b23bbd');



DROP TABLE IF EXISTS `craft_widgets`;


--
-- Schema for table `craft_widgets`
--
CREATE TABLE `craft_widgets` (
  `id` int(11) NOT NULL AUTO_INCREMENT,
  `userId` int(11) NOT NULL,
  `type` varchar(150) COLLATE utf8_unicode_ci NOT NULL,
  `sortOrder` smallint(6) unsigned DEFAULT NULL,
  `colspan` tinyint(4) unsigned DEFAULT NULL,
  `settings` text COLLATE utf8_unicode_ci,
  `enabled` tinyint(1) unsigned NOT NULL DEFAULT '1',
  `dateCreated` datetime NOT NULL,
  `dateUpdated` datetime NOT NULL,
  `uid` char(36) COLLATE utf8_unicode_ci NOT NULL DEFAULT '0',
  PRIMARY KEY (`id`),
  KEY `craft_widgets_userId_fk` (`userId`)
) ENGINE=InnoDB AUTO_INCREMENT=5 DEFAULT CHARSET=utf8 COLLATE=utf8_unicode_ci;

--
-- Data for table `craft_widgets`
--

INSERT INTO `craft_widgets` (`id`, `userId`, `type`, `sortOrder`, `colspan`, `settings`, `enabled`, `dateCreated`, `dateUpdated`, `uid`) VALUES
 ('1', '1', 'RecentEntries', '1', NULL, NULL, '1', '2016-03-16 02:58:21', '2016-03-16 02:58:21', '3778fdcc-71ef-40ad-a8d8-238d59d61cb5'),
 ('2', '1', 'GetHelp', '2', NULL, NULL, '1', '2016-03-16 02:58:21', '2016-03-16 02:58:21', 'af75d6b7-7338-43d8-aaf4-4aefd6451b91'),
 ('3', '1', 'Updates', '3', NULL, NULL, '1', '2016-03-16 02:58:21', '2016-03-16 02:58:21', 'ee1ea609-97b4-4074-a07a-ce889419766f'),
 ('4', '1', 'Feed', '4', NULL, '{\"url\":\"https:\\/\\/craftcms.com\\/news.rss\",\"title\":\"Craft News\"}', '1', '2016-03-16 02:58:21', '2016-03-16 02:58:21', '39d73581-6e20-4399-b541-e1a9876aaac6');


--
-- Constraints for tables
--


--
-- Constraints for table `craft_assetfiles`
--
ALTER TABLE `craft_assetfiles`
	ADD CONSTRAINT `craft_assetfiles_folderId_fk` FOREIGN KEY (`folderId`) REFERENCES `craft_assetfolders` (`id`) ON DELETE CASCADE,
	ADD CONSTRAINT `craft_assetfiles_id_fk` FOREIGN KEY (`id`) REFERENCES `craft_elements` (`id`) ON DELETE CASCADE,
	ADD CONSTRAINT `craft_assetfiles_sourceId_fk` FOREIGN KEY (`sourceId`) REFERENCES `craft_assetsources` (`id`) ON DELETE CASCADE;

--
-- Constraints for table `craft_assetfolders`
--
ALTER TABLE `craft_assetfolders`
	ADD CONSTRAINT `craft_assetfolders_parentId_fk` FOREIGN KEY (`parentId`) REFERENCES `craft_assetfolders` (`id`) ON DELETE CASCADE,
	ADD CONSTRAINT `craft_assetfolders_sourceId_fk` FOREIGN KEY (`sourceId`) REFERENCES `craft_assetsources` (`id`) ON DELETE CASCADE;

--
-- Constraints for table `craft_assetindexdata`
--
ALTER TABLE `craft_assetindexdata`
	ADD CONSTRAINT `craft_assetindexdata_sourceId_fk` FOREIGN KEY (`sourceId`) REFERENCES `craft_assetsources` (`id`) ON DELETE CASCADE;

--
-- Constraints for table `craft_assetsources`
--
ALTER TABLE `craft_assetsources`
	ADD CONSTRAINT `craft_assetsources_fieldLayoutId_fk` FOREIGN KEY (`fieldLayoutId`) REFERENCES `craft_fieldlayouts` (`id`) ON DELETE SET NULL;

--
-- Constraints for table `craft_categories`
--
ALTER TABLE `craft_categories`
	ADD CONSTRAINT `craft_categories_groupId_fk` FOREIGN KEY (`groupId`) REFERENCES `craft_categorygroups` (`id`) ON DELETE CASCADE,
	ADD CONSTRAINT `craft_categories_id_fk` FOREIGN KEY (`id`) REFERENCES `craft_elements` (`id`) ON DELETE CASCADE;

--
-- Constraints for table `craft_categorygroups`
--
ALTER TABLE `craft_categorygroups`
	ADD CONSTRAINT `craft_categorygroups_fieldLayoutId_fk` FOREIGN KEY (`fieldLayoutId`) REFERENCES `craft_fieldlayouts` (`id`) ON DELETE SET NULL,
	ADD CONSTRAINT `craft_categorygroups_structureId_fk` FOREIGN KEY (`structureId`) REFERENCES `craft_structures` (`id`) ON DELETE CASCADE;

--
-- Constraints for table `craft_categorygroups_i18n`
--
ALTER TABLE `craft_categorygroups_i18n`
	ADD CONSTRAINT `craft_categorygroups_i18n_groupId_fk` FOREIGN KEY (`groupId`) REFERENCES `craft_categorygroups` (`id`) ON DELETE CASCADE,
	ADD CONSTRAINT `craft_categorygroups_i18n_locale_fk` FOREIGN KEY (`locale`) REFERENCES `craft_locales` (`locale`) ON DELETE CASCADE ON UPDATE CASCADE;

--
-- Constraints for table `craft_content`
--
ALTER TABLE `craft_content`
	ADD CONSTRAINT `craft_content_elementId_fk` FOREIGN KEY (`elementId`) REFERENCES `craft_elements` (`id`) ON DELETE CASCADE,
	ADD CONSTRAINT `craft_content_locale_fk` FOREIGN KEY (`locale`) REFERENCES `craft_locales` (`locale`) ON DELETE CASCADE ON UPDATE CASCADE;

--
-- Constraints for table `craft_elements_i18n`
--
ALTER TABLE `craft_elements_i18n`
	ADD CONSTRAINT `craft_elements_i18n_elementId_fk` FOREIGN KEY (`elementId`) REFERENCES `craft_elements` (`id`) ON DELETE CASCADE,
	ADD CONSTRAINT `craft_elements_i18n_locale_fk` FOREIGN KEY (`locale`) REFERENCES `craft_locales` (`locale`) ON DELETE CASCADE ON UPDATE CASCADE;

--
-- Constraints for table `craft_emailmessages`
--
ALTER TABLE `craft_emailmessages`
	ADD CONSTRAINT `craft_emailmessages_locale_fk` FOREIGN KEY (`locale`) REFERENCES `craft_locales` (`locale`) ON DELETE CASCADE ON UPDATE CASCADE;

--
-- Constraints for table `craft_entries`
--
ALTER TABLE `craft_entries`
	ADD CONSTRAINT `craft_entries_authorId_fk` FOREIGN KEY (`authorId`) REFERENCES `craft_users` (`id`) ON DELETE CASCADE,
	ADD CONSTRAINT `craft_entries_id_fk` FOREIGN KEY (`id`) REFERENCES `craft_elements` (`id`) ON DELETE CASCADE,
	ADD CONSTRAINT `craft_entries_sectionId_fk` FOREIGN KEY (`sectionId`) REFERENCES `craft_sections` (`id`) ON DELETE CASCADE,
	ADD CONSTRAINT `craft_entries_typeId_fk` FOREIGN KEY (`typeId`) REFERENCES `craft_entrytypes` (`id`) ON DELETE CASCADE;

--
-- Constraints for table `craft_entrydrafts`
--
ALTER TABLE `craft_entrydrafts`
	ADD CONSTRAINT `craft_entrydrafts_creatorId_fk` FOREIGN KEY (`creatorId`) REFERENCES `craft_users` (`id`) ON DELETE CASCADE,
	ADD CONSTRAINT `craft_entrydrafts_entryId_fk` FOREIGN KEY (`entryId`) REFERENCES `craft_entries` (`id`) ON DELETE CASCADE,
	ADD CONSTRAINT `craft_entrydrafts_locale_fk` FOREIGN KEY (`locale`) REFERENCES `craft_locales` (`locale`) ON DELETE CASCADE ON UPDATE CASCADE,
	ADD CONSTRAINT `craft_entrydrafts_sectionId_fk` FOREIGN KEY (`sectionId`) REFERENCES `craft_sections` (`id`) ON DELETE CASCADE;

--
-- Constraints for table `craft_entrytypes`
--
ALTER TABLE `craft_entrytypes`
	ADD CONSTRAINT `craft_entrytypes_fieldLayoutId_fk` FOREIGN KEY (`fieldLayoutId`) REFERENCES `craft_fieldlayouts` (`id`) ON DELETE SET NULL,
	ADD CONSTRAINT `craft_entrytypes_sectionId_fk` FOREIGN KEY (`sectionId`) REFERENCES `craft_sections` (`id`) ON DELETE CASCADE;

--
-- Constraints for table `craft_entryversions`
--
ALTER TABLE `craft_entryversions`
	ADD CONSTRAINT `craft_entryversions_creatorId_fk` FOREIGN KEY (`creatorId`) REFERENCES `craft_users` (`id`) ON DELETE SET NULL,
	ADD CONSTRAINT `craft_entryversions_entryId_fk` FOREIGN KEY (`entryId`) REFERENCES `craft_entries` (`id`) ON DELETE CASCADE,
	ADD CONSTRAINT `craft_entryversions_locale_fk` FOREIGN KEY (`locale`) REFERENCES `craft_locales` (`locale`) ON DELETE CASCADE ON UPDATE CASCADE,
	ADD CONSTRAINT `craft_entryversions_sectionId_fk` FOREIGN KEY (`sectionId`) REFERENCES `craft_sections` (`id`) ON DELETE CASCADE;

--
-- Constraints for table `craft_fieldlayoutfields`
--
ALTER TABLE `craft_fieldlayoutfields`
	ADD CONSTRAINT `craft_fieldlayoutfields_fieldId_fk` FOREIGN KEY (`fieldId`) REFERENCES `craft_fields` (`id`) ON DELETE CASCADE,
	ADD CONSTRAINT `craft_fieldlayoutfields_layoutId_fk` FOREIGN KEY (`layoutId`) REFERENCES `craft_fieldlayouts` (`id`) ON DELETE CASCADE,
	ADD CONSTRAINT `craft_fieldlayoutfields_tabId_fk` FOREIGN KEY (`tabId`) REFERENCES `craft_fieldlayouttabs` (`id`) ON DELETE CASCADE;

--
-- Constraints for table `craft_fieldlayouttabs`
--
ALTER TABLE `craft_fieldlayouttabs`
	ADD CONSTRAINT `craft_fieldlayouttabs_layoutId_fk` FOREIGN KEY (`layoutId`) REFERENCES `craft_fieldlayouts` (`id`) ON DELETE CASCADE;

--
-- Constraints for table `craft_fields`
--
ALTER TABLE `craft_fields`
	ADD CONSTRAINT `craft_fields_groupId_fk` FOREIGN KEY (`groupId`) REFERENCES `craft_fieldgroups` (`id`) ON DELETE CASCADE;

--
-- Constraints for table `craft_globalsets`
--
ALTER TABLE `craft_globalsets`
	ADD CONSTRAINT `craft_globalsets_fieldLayoutId_fk` FOREIGN KEY (`fieldLayoutId`) REFERENCES `craft_fieldlayouts` (`id`) ON DELETE SET NULL,
	ADD CONSTRAINT `craft_globalsets_id_fk` FOREIGN KEY (`id`) REFERENCES `craft_elements` (`id`) ON DELETE CASCADE;

--
-- Constraints for table `craft_matrixblocks`
--
ALTER TABLE `craft_matrixblocks`
	ADD CONSTRAINT `craft_matrixblocks_fieldId_fk` FOREIGN KEY (`fieldId`) REFERENCES `craft_fields` (`id`) ON DELETE CASCADE,
	ADD CONSTRAINT `craft_matrixblocks_id_fk` FOREIGN KEY (`id`) REFERENCES `craft_elements` (`id`) ON DELETE CASCADE,
	ADD CONSTRAINT `craft_matrixblocks_ownerId_fk` FOREIGN KEY (`ownerId`) REFERENCES `craft_elements` (`id`) ON DELETE CASCADE,
	ADD CONSTRAINT `craft_matrixblocks_ownerLocale_fk` FOREIGN KEY (`ownerLocale`) REFERENCES `craft_locales` (`locale`) ON DELETE CASCADE ON UPDATE CASCADE,
	ADD CONSTRAINT `craft_matrixblocks_typeId_fk` FOREIGN KEY (`typeId`) REFERENCES `craft_matrixblocktypes` (`id`) ON DELETE CASCADE;

--
-- Constraints for table `craft_matrixblocktypes`
--
ALTER TABLE `craft_matrixblocktypes`
	ADD CONSTRAINT `craft_matrixblocktypes_fieldId_fk` FOREIGN KEY (`fieldId`) REFERENCES `craft_fields` (`id`) ON DELETE CASCADE,
	ADD CONSTRAINT `craft_matrixblocktypes_fieldLayoutId_fk` FOREIGN KEY (`fieldLayoutId`) REFERENCES `craft_fieldlayouts` (`id`) ON DELETE SET NULL;

--
-- Constraints for table `craft_matrixcontent_navigationitem`
--
ALTER TABLE `craft_matrixcontent_navigationitem`
	ADD CONSTRAINT `craft_matrixcontent_navigationitem_elementId_fk` FOREIGN KEY (`elementId`) REFERENCES `craft_elements` (`id`) ON DELETE CASCADE,
	ADD CONSTRAINT `craft_matrixcontent_navigationitem_locale_fk` FOREIGN KEY (`locale`) REFERENCES `craft_locales` (`locale`) ON DELETE CASCADE ON UPDATE CASCADE;

--
-- Constraints for table `craft_matrixcontent_newsectionfall`
--
ALTER TABLE `craft_matrixcontent_newsectionfall`
	ADD CONSTRAINT `craft_matrixcontent_newsectionfall_elementId_fk` FOREIGN KEY (`elementId`) REFERENCES `craft_elements` (`id`) ON DELETE CASCADE,
	ADD CONSTRAINT `craft_matrixcontent_newsectionfall_locale_fk` FOREIGN KEY (`locale`) REFERENCES `craft_locales` (`locale`) ON DELETE CASCADE ON UPDATE CASCADE;

--
-- Constraints for table `craft_matrixcontent_newsectionspring`
--
ALTER TABLE `craft_matrixcontent_newsectionspring`
	ADD CONSTRAINT `craft_matrixcontent_newsectionspring_elementId_fk` FOREIGN KEY (`elementId`) REFERENCES `craft_elements` (`id`) ON DELETE CASCADE,
	ADD CONSTRAINT `craft_matrixcontent_newsectionspring_locale_fk` FOREIGN KEY (`locale`) REFERENCES `craft_locales` (`locale`) ON DELETE CASCADE ON UPDATE CASCADE;

--
-- Constraints for table `craft_matrixcontent_sponsors`
--
ALTER TABLE `craft_matrixcontent_sponsors`
	ADD CONSTRAINT `craft_matrixcontent_sponsors_elementId_fk` FOREIGN KEY (`elementId`) REFERENCES `craft_elements` (`id`) ON DELETE CASCADE,
	ADD CONSTRAINT `craft_matrixcontent_sponsors_locale_fk` FOREIGN KEY (`locale`) REFERENCES `craft_locales` (`locale`) ON DELETE CASCADE ON UPDATE CASCADE;

--
-- Constraints for table `craft_migrations`
--
ALTER TABLE `craft_migrations`
	ADD CONSTRAINT `craft_migrations_pluginId_fk` FOREIGN KEY (`pluginId`) REFERENCES `craft_plugins` (`id`) ON DELETE CASCADE;

--
-- Constraints for table `craft_relations`
--
ALTER TABLE `craft_relations`
	ADD CONSTRAINT `craft_relations_fieldId_fk` FOREIGN KEY (`fieldId`) REFERENCES `craft_fields` (`id`) ON DELETE CASCADE,
	ADD CONSTRAINT `craft_relations_sourceId_fk` FOREIGN KEY (`sourceId`) REFERENCES `craft_elements` (`id`) ON DELETE CASCADE,
	ADD CONSTRAINT `craft_relations_sourceLocale_fk` FOREIGN KEY (`sourceLocale`) REFERENCES `craft_locales` (`locale`) ON DELETE CASCADE ON UPDATE CASCADE,
	ADD CONSTRAINT `craft_relations_targetId_fk` FOREIGN KEY (`targetId`) REFERENCES `craft_elements` (`id`) ON DELETE CASCADE;

--
-- Constraints for table `craft_routes`
--
ALTER TABLE `craft_routes`
	ADD CONSTRAINT `craft_routes_locale_fk` FOREIGN KEY (`locale`) REFERENCES `craft_locales` (`locale`) ON DELETE CASCADE ON UPDATE CASCADE;

--
-- Constraints for table `craft_sections`
--
ALTER TABLE `craft_sections`
	ADD CONSTRAINT `craft_sections_structureId_fk` FOREIGN KEY (`structureId`) REFERENCES `craft_structures` (`id`) ON DELETE SET NULL;

--
-- Constraints for table `craft_sections_i18n`
--
ALTER TABLE `craft_sections_i18n`
	ADD CONSTRAINT `craft_sections_i18n_locale_fk` FOREIGN KEY (`locale`) REFERENCES `craft_locales` (`locale`) ON DELETE CASCADE ON UPDATE CASCADE,
	ADD CONSTRAINT `craft_sections_i18n_sectionId_fk` FOREIGN KEY (`sectionId`) REFERENCES `craft_sections` (`id`) ON DELETE CASCADE;

--
-- Constraints for table `craft_sessions`
--
ALTER TABLE `craft_sessions`
	ADD CONSTRAINT `craft_sessions_userId_fk` FOREIGN KEY (`userId`) REFERENCES `craft_users` (`id`) ON DELETE CASCADE;

--
-- Constraints for table `craft_shunnedmessages`
--
ALTER TABLE `craft_shunnedmessages`
	ADD CONSTRAINT `craft_shunnedmessages_userId_fk` FOREIGN KEY (`userId`) REFERENCES `craft_users` (`id`) ON DELETE CASCADE;

--
-- Constraints for table `craft_structureelements`
--
ALTER TABLE `craft_structureelements`
	ADD CONSTRAINT `craft_structureelements_elementId_fk` FOREIGN KEY (`elementId`) REFERENCES `craft_elements` (`id`) ON DELETE CASCADE,
	ADD CONSTRAINT `craft_structureelements_structureId_fk` FOREIGN KEY (`structureId`) REFERENCES `craft_structures` (`id`) ON DELETE CASCADE;

--
-- Constraints for table `craft_taggroups`
--
ALTER TABLE `craft_taggroups`
	ADD CONSTRAINT `craft_taggroups_fieldLayoutId_fk` FOREIGN KEY (`fieldLayoutId`) REFERENCES `craft_fieldlayouts` (`id`) ON DELETE SET NULL;

--
-- Constraints for table `craft_tags`
--
ALTER TABLE `craft_tags`
	ADD CONSTRAINT `craft_tags_groupId_fk` FOREIGN KEY (`groupId`) REFERENCES `craft_taggroups` (`id`) ON DELETE CASCADE,
	ADD CONSTRAINT `craft_tags_id_fk` FOREIGN KEY (`id`) REFERENCES `craft_elements` (`id`) ON DELETE CASCADE;

--
-- Constraints for table `craft_templatecachecriteria`
--
ALTER TABLE `craft_templatecachecriteria`
	ADD CONSTRAINT `craft_templatecachecriteria_cacheId_fk` FOREIGN KEY (`cacheId`) REFERENCES `craft_templatecaches` (`id`) ON DELETE CASCADE;

--
-- Constraints for table `craft_templatecacheelements`
--
ALTER TABLE `craft_templatecacheelements`
	ADD CONSTRAINT `craft_templatecacheelements_cacheId_fk` FOREIGN KEY (`cacheId`) REFERENCES `craft_templatecaches` (`id`) ON DELETE CASCADE,
	ADD CONSTRAINT `craft_templatecacheelements_elementId_fk` FOREIGN KEY (`elementId`) REFERENCES `craft_elements` (`id`) ON DELETE CASCADE;

--
-- Constraints for table `craft_templatecaches`
--
ALTER TABLE `craft_templatecaches`
	ADD CONSTRAINT `craft_templatecaches_locale_fk` FOREIGN KEY (`locale`) REFERENCES `craft_locales` (`locale`) ON DELETE CASCADE ON UPDATE CASCADE;

--
-- Constraints for table `craft_usergroups_users`
--
ALTER TABLE `craft_usergroups_users`
	ADD CONSTRAINT `craft_usergroups_users_groupId_fk` FOREIGN KEY (`groupId`) REFERENCES `craft_usergroups` (`id`) ON DELETE CASCADE,
	ADD CONSTRAINT `craft_usergroups_users_userId_fk` FOREIGN KEY (`userId`) REFERENCES `craft_users` (`id`) ON DELETE CASCADE;

--
-- Constraints for table `craft_userpermissions_usergroups`
--
ALTER TABLE `craft_userpermissions_usergroups`
	ADD CONSTRAINT `craft_userpermissions_usergroups_groupId_fk` FOREIGN KEY (`groupId`) REFERENCES `craft_usergroups` (`id`) ON DELETE CASCADE,
	ADD CONSTRAINT `craft_userpermissions_usergroups_permissionId_fk` FOREIGN KEY (`permissionId`) REFERENCES `craft_userpermissions` (`id`) ON DELETE CASCADE;

--
-- Constraints for table `craft_userpermissions_users`
--
ALTER TABLE `craft_userpermissions_users`
	ADD CONSTRAINT `craft_userpermissions_users_permissionId_fk` FOREIGN KEY (`permissionId`) REFERENCES `craft_userpermissions` (`id`) ON DELETE CASCADE,
	ADD CONSTRAINT `craft_userpermissions_users_userId_fk` FOREIGN KEY (`userId`) REFERENCES `craft_users` (`id`) ON DELETE CASCADE;

--
-- Constraints for table `craft_users`
--
ALTER TABLE `craft_users`
	ADD CONSTRAINT `craft_users_id_fk` FOREIGN KEY (`id`) REFERENCES `craft_elements` (`id`) ON DELETE CASCADE,
	ADD CONSTRAINT `craft_users_preferredLocale_fk` FOREIGN KEY (`preferredLocale`) REFERENCES `craft_locales` (`locale`) ON DELETE SET NULL ON UPDATE CASCADE;

--
-- Constraints for table `craft_widgets`
--
ALTER TABLE `craft_widgets`
	ADD CONSTRAINT `craft_widgets_userId_fk` FOREIGN KEY (`userId`) REFERENCES `craft_users` (`id`) ON DELETE CASCADE;

SET FOREIGN_KEY_CHECKS = 1;
